{
  "registers": {
    "froakie": {
      "normal": {
        "isShiny": false,
        "status": "CAUGHT",
        "discoveredTimestamp": 1723252310404,
        "caughtTimestamp": 1723252310404
      }
    },
    "mudkip": {
      "normal": {
        "isShiny": false,
        "status": "CAUGHT",
        "discoveredTimestamp": 1723260597901,
        "caughtTimestamp": 1723260597901
      }
    },
    "treecko": {
      "normal": {
        "isShiny": false,
        "status": "CAUGHT",
        "discoveredTimestamp": 1723260633652,
        "caughtTimestamp": 1723260633652
      }
    },
    "bulbasaur": {
      "normal": {
        "isShiny": false,
        "status": "CAUGHT",
        "discoveredTimestamp": 1723261341473,
        "caughtTimestamp": 1723261341473
      }
    },
    "bunnelby": {
      "normal": {
        "isShiny": false,
        "status": "CAUGHT",
        "discoveredTimestamp": 1723262412035,
        "caughtTimestamp": 1723262412035
      }
    },
    "rapidash": {
      "normal": {
        "isShiny": false,
        "status": "CAUGHT",
        "discoveredTimestamp": 1723262675465,
        "caughtTimestamp": 1723262675465
      }
    },
    "slowpoke": {
      "normal": {
        "isShiny": false,
        "status": "CAUGHT",
        "discoveredTimestamp": 1723262683580,
        "caughtTimestamp": 1723262683580
      }
    },
    "ponyta": {
      "normal": {
        "isShiny": false,
        "status": "CAUGHT",
        "discoveredTimestamp": 1723262748277,
        "caughtTimestamp": 1723262748277
      }
    },
    "wooloo": {
      "normal": {
        "isShiny": false,
        "status": "SEEN",
        "discoveredTimestamp": 1723263631860
      }
    },
    "cottonee": {
      "normal": {
        "isShiny": false,
        "status": "SEEN",
        "discoveredTimestamp": 1723263642589
      }
    },
    "crabrawler": {
      "normal": {
        "isShiny": false,
        "status": "SEEN",
        "discoveredTimestamp": 1723263701164
      }
    },
    "tauros": {
      "normal": {
        "isShiny": false,
        "status": "SEEN",
        "discoveredTimestamp": 1723263719229
      }
    },
    "zubat": {
      "normal": {
        "isShiny": false,
        "status": "CAUGHT",
        "discoveredTimestamp": 1723264142670,
        "caughtTimestamp": 1723264142670
      }
    },
    "gastly": {
      "normal": {
        "isShiny": false,
        "status": "CAUGHT",
        "discoveredTimestamp": 1723264176727,
        "caughtTimestamp": 1723264176727
      }
    },
    "golbat": {
      "normal": {
        "isShiny": false,
        "status": "CAUGHT",
        "discoveredTimestamp": 1723264204465,
        "caughtTimestamp": 1723264204465
      }
    },
    "haunter": {
      "normal": {
        "isShiny": false,
        "status": "CAUGHT",
        "discoveredTimestamp": 1723264211388,
        "caughtTimestamp": 1723264211388
      }
    },
    "gengar": {
      "normal": {
        "isShiny": false,
        "status": "CAUGHT",
        "discoveredTimestamp": 1723264314616,
        "caughtTimestamp": 1723264314616
      }
    },
    "frogadier": {
      "normal": {
        "isShiny": false,
        "status": "CAUGHT",
        "discoveredTimestamp": 1723264368272,
        "caughtTimestamp": 1723264368272
      }
    },
    "pidgeotto": {
      "normal": {
        "isShiny": false,
        "status": "CAUGHT",
        "discoveredTimestamp": 1723264820156,
        "caughtTimestamp": 1723264820156
      }
    },
    "marshtomp": {
      "normal": {
        "isShiny": false,
        "status": "CAUGHT",
        "discoveredTimestamp": 1723264832963,
        "caughtTimestamp": 1723264832963
      }
    },
    "lopunny": {
      "normal": {
        "isShiny": false,
        "status": "CAUGHT",
        "discoveredTimestamp": 1723264919822,
        "caughtTimestamp": 1723264919822
      }
    },
    "swellow": {
      "normal": {
        "isShiny": false,
        "status": "CAUGHT",
        "discoveredTimestamp": 1723265075165,
        "caughtTimestamp": 1723265075165
      }
    },
    "furret": {
      "normal": {
        "isShiny": true,
        "status": "CAUGHT",
        "discoveredTimestamp": 1723265884562,
        "caughtTimestamp": 1723265884562
      }
    },
    "growlithe": {
      "normal": {
        "isShiny": false,
        "status": "CAUGHT",
        "discoveredTimestamp": 1723266013830,
        "caughtTimestamp": 1723266013830
      }
    },
    "persian": {
      "normal": {
        "isShiny": false,
        "status": "CAUGHT",
        "discoveredTimestamp": 1723266275985,
        "caughtTimestamp": 1723266275985
      }
    },
    "deerling": {
      "normal": {
        "isShiny": true,
        "status": "CAUGHT",
        "discoveredTimestamp": 1723266588192,
        "caughtTimestamp": 1723266588192
      }
    },
    "butterfree": {
      "normal": {
        "isShiny": false,
        "status": "CAUGHT",
        "discoveredTimestamp": 1723266649804,
        "caughtTimestamp": 1723266649804
      }
    },
    "duskull": {
      "normal": {
        "isShiny": false,
        "status": "CAUGHT",
        "discoveredTimestamp": 1723266902841,
        "caughtTimestamp": 1723266902841
      }
    },
    "fletchling": {
      "normal": {
        "isShiny": false,
        "status": "CAUGHT",
        "discoveredTimestamp": 1723266909369,
        "caughtTimestamp": 1723266909369
      }
    },
    "phantump": {
      "normal": {
        "isShiny": false,
        "status": "CAUGHT",
        "discoveredTimestamp": 1723267396686,
        "caughtTimestamp": 1723267396686
      }
    },
    "buneary": {
      "normal": {
        "isShiny": false,
        "status": "CAUGHT",
        "discoveredTimestamp": 1723267477012,
        "caughtTimestamp": 1723267477012
      }
    },
    "diggersby": {
      "normal": {
        "isShiny": false,
        "status": "CAUGHT",
        "discoveredTimestamp": 1723267519681,
        "caughtTimestamp": 1723267519681
      }
    },
    "seedot": {
      "normal": {
        "isShiny": false,
        "status": "CAUGHT",
        "discoveredTimestamp": 1723267563496,
        "caughtTimestamp": 1723267563496
      }
    },
    "teddiursa": {
      "normal": {
        "isShiny": false,
        "status": "CAUGHT",
        "discoveredTimestamp": 1723267568954,
        "caughtTimestamp": 1723267568954
      }
    },
    "oddish": {
      "normal": {
        "isShiny": false,
        "status": "CAUGHT",
        "discoveredTimestamp": 1723267609090,
        "caughtTimestamp": 1723267609090
      }
    },
    "rattata": {
      "normal": {
        "isShiny": false,
        "status": "CAUGHT",
        "discoveredTimestamp": 1723267656187,
        "caughtTimestamp": 1723267656187
      }
    },
    "honchkrow": {
      "normal": {
        "isShiny": false,
        "status": "CAUGHT",
        "discoveredTimestamp": 1723267684531,
        "caughtTimestamp": 1723267684531
      }
    },
    "ivysaur": {
      "normal": {
        "isShiny": false,
        "status": "CAUGHT",
        "discoveredTimestamp": 1723267825309,
        "caughtTimestamp": 1723267825309
      }
    },
    "primeape": {
      "normal": {
        "isShiny": false,
        "status": "CAUGHT",
        "discoveredTimestamp": 1723267922650,
        "caughtTimestamp": 1723267922650
      }
    },
    "sneasel": {
      "hisui": {
        "isShiny": false,
        "status": "CAUGHT",
        "discoveredTimestamp": 1723267968977,
        "caughtTimestamp": 1723267968977
      }
    },
    "mankey": {
      "normal": {
        "isShiny": false,
        "status": "CAUGHT",
        "discoveredTimestamp": 1723268219795,
        "caughtTimestamp": 1723268219795
      }
    },
    "murkrow": {
      "normal": {
        "isShiny": false,
        "status": "CAUGHT",
        "discoveredTimestamp": 1723268323099,
        "caughtTimestamp": 1723268335389
      }
    },
    "emolga": {
      "normal": {
        "isShiny": false,
        "status": "CAUGHT",
        "discoveredTimestamp": 1723268353241,
        "caughtTimestamp": 1723268353241
      }
    },
    "cubone": {
      "normal": {
        "isShiny": false,
        "status": "CAUGHT",
        "discoveredTimestamp": 1723268356047,
        "caughtTimestamp": 1723268356047
      }
    },
    "magikarp": {
      "normal": {
        "isShiny": false,
        "status": "CAUGHT",
        "discoveredTimestamp": 1723268446248,
        "caughtTimestamp": 1723268446248
      }
    },
    "cloyster": {
      "normal": {
        "isShiny": false,
        "status": "CAUGHT",
        "discoveredTimestamp": 1723268455894,
        "caughtTimestamp": 1723268455894
      }
    },
    "misdreavus": {
      "normal": {
        "isShiny": false,
        "status": "CAUGHT",
        "discoveredTimestamp": 1723268590343,
        "caughtTimestamp": 1723268590343
      }
    },
    "greninja": {
      "normal": {
        "isShiny": false,
        "status": "CAUGHT",
        "discoveredTimestamp": 1723268602102,
        "caughtTimestamp": 1723268602102
      }
    },
    "staryu": {
      "normal": {
        "isShiny": false,
        "status": "CAUGHT",
        "discoveredTimestamp": 1723268664910,
        "caughtTimestamp": 1723268664910
      }
    },
    "aron": {
      "normal": {
        "isShiny": false,
        "status": "CAUGHT",
        "discoveredTimestamp": 1723268718437,
        "caughtTimestamp": 1723268718437
      }
    },
    "arcanine": {
      "normal": {
        "isShiny": false,
        "status": "CAUGHT",
        "discoveredTimestamp": 1723268749246,
        "caughtTimestamp": 1723268749246
      }
    }
  }
}