{
  "registers": {
    "froakie": {
      "normal": {
        "isShiny": false,
        "status": "CAUGHT",
        "discoveredTimestamp": 1723252310404,
        "caughtTimestamp": 1723252310404
      }
    },
    "mudkip": {
      "normal": {
        "isShiny": false,
        "status": "CAUGHT",
        "discoveredTimestamp": 1723260597901,
        "caughtTimestamp": 1723260597901
      }
    },
    "treecko": {
      "normal": {
        "isShiny": false,
        "status": "CAUGHT",
        "discoveredTimestamp": 1723260633652,
        "caughtTimestamp": 1723260633652
      }
    },
    "bulbasaur": {
      "normal": {
        "isShiny": false,
        "status": "CAUGHT",
        "discoveredTimestamp": 1723261341473,
        "caughtTimestamp": 1723261341473
      }
    },
    "bunnelby": {
      "normal": {
        "isShiny": false,
        "status": "CAUGHT",
        "discoveredTimestamp": 1723262412035,
        "caughtTimestamp": 1723262412035
      }
    },
    "rapidash": {
      "normal": {
        "isShiny": false,
        "status": "CAUGHT",
        "discoveredTimestamp": 1723262675465,
        "caughtTimestamp": 1723262675465
      }
    },
    "slowpoke": {
      "normal": {
        "isShiny": false,
        "status": "CAUGHT",
        "discoveredTimestamp": 1723262683580,
        "caughtTimestamp": 1723262683580
      }
    },
    "ponyta": {
      "normal": {
        "isShiny": false,
        "status": "CAUGHT",
        "discoveredTimestamp": 1723262748277,
        "caughtTimestamp": 1723262748277
      }
    },
    "wooloo": {
      "normal": {
        "isShiny": false,
        "status": "SEEN",
        "discoveredTimestamp": 1723263631860
      }
    },
    "cottonee": {
      "normal": {
        "isShiny": false,
        "status": "SEEN",
        "discoveredTimestamp": 1723263642589
      }
    },
    "crabrawler": {
      "normal": {
        "isShiny": false,
        "status": "SEEN",
        "discoveredTimestamp": 1723263701164
      }
    },
    "tauros": {
      "normal": {
        "isShiny": false,
        "status": "SEEN",
        "discoveredTimestamp": 1723263719229
      }
    },
    "zubat": {
      "normal": {
        "isShiny": false,
        "status": "CAUGHT",
        "discoveredTimestamp": 1723264142670,
        "caughtTimestamp": 1723264142670
      }
    },
    "gastly": {
      "normal": {
        "isShiny": false,
        "status": "CAUGHT",
        "discoveredTimestamp": 1723264176727,
        "caughtTimestamp": 1723264176727
      }
    },
    "golbat": {
      "normal": {
        "isShiny": false,
        "status": "CAUGHT",
        "discoveredTimestamp": 1723264204465,
        "caughtTimestamp": 1723264204465
      }
    },
    "haunter": {
      "normal": {
        "isShiny": false,
        "status": "CAUGHT",
        "discoveredTimestamp": 1723264211388,
        "caughtTimestamp": 1723264211388
      }
    },
    "gengar": {
      "normal": {
        "isShiny": false,
        "status": "CAUGHT",
        "discoveredTimestamp": 1723264314616,
        "caughtTimestamp": 1723264314616
      }
    },
    "frogadier": {
      "normal": {
        "isShiny": false,
        "status": "CAUGHT",
        "discoveredTimestamp": 1723264368272,
        "caughtTimestamp": 1723264368272
      }
    },
    "pidgeotto": {
      "normal": {
        "isShiny": false,
        "status": "CAUGHT",
        "discoveredTimestamp": 1723264820156,
        "caughtTimestamp": 1723264820156
      }
    },
    "marshtomp": {
      "normal": {
        "isShiny": false,
        "status": "CAUGHT",
        "discoveredTimestamp": 1723264832963,
        "caughtTimestamp": 1723264832963
      }
    },
    "lopunny": {
      "normal": {
        "isShiny": false,
        "status": "CAUGHT",
        "discoveredTimestamp": 1723264919822,
        "caughtTimestamp": 1723264919822
      }
    },
    "swellow": {
      "normal": {
        "isShiny": false,
        "status": "CAUGHT",
        "discoveredTimestamp": 1723265075165,
        "caughtTimestamp": 1723265075165
      }
    }
  }
}