{
  "registers": {
    "froakie": {
      "normal": {
        "isShiny": false,
        "status": "CAUGHT",
        "discoveredTimestamp": 1723252310404,
        "caughtTimestamp": 1723252310404
      }
    },
    "mudkip": {
      "normal": {
        "isShiny": false,
        "status": "CAUGHT",
        "discoveredTimestamp": 1723260597901,
        "caughtTimestamp": 1723260597901
      }
    },
    "treecko": {
      "normal": {
        "isShiny": false,
        "status": "CAUGHT",
        "discoveredTimestamp": 1723260633652,
        "caughtTimestamp": 1723260633652
      }
    },
    "bulbasaur": {
      "normal": {
        "isShiny": false,
        "status": "CAUGHT",
        "discoveredTimestamp": 1723261341473,
        "caughtTimestamp": 1723261341473
      }
    }
  }
}