{
  "uuid": "e7c0f7bf-f9ee-3f5c-92b4-08dd2d38cda9",
  "starterPrompted": true,
  "starterLocked": false,
  "starterSelected": true,
  "starterUUID": "366a61ca-a77a-405d-97b2-b8d49758ecbc",
  "keyItems": [],
  "battleTheme": "cobblemon:battle.pvp.default",
  "extraData": {
    "cobbledex_discovery": {
      "registers": {
        "froakie": {
          "normal": {
            "isShiny": false,
            "status": "CAUGHT",
            "discoveredTimestamp": 1723253349317,
            "caughtTimestamp": 1723253349317
          }
        },
        "bunnelby": {
          "normal": {
            "isShiny": false,
            "status": "CAUGHT",
            "discoveredTimestamp": 1723262412035,
            "caughtTimestamp": 1723262412035
          }
        },
        "ponyta": {
          "normal": {
            "isShiny": false,
            "status": "CAUGHT",
            "discoveredTimestamp": 1723262748277,
            "caughtTimestamp": 1723262748277
          }
        },
        "tauros": {
          "normal": {
            "isShiny": false,
            "status": "SEEN",
            "discoveredTimestamp": 1723263719229
          }
        },
        "zubat": {
          "normal": {
            "isShiny": false,
            "status": "SEEN",
            "discoveredTimestamp": 1723264198829
          }
        },
        "haunter": {
          "normal": {
            "isShiny": false,
            "status": "CAUGHT",
            "discoveredTimestamp": 1723264305239,
            "caughtTimestamp": 1723264305239
          }
        },
        "frogadier": {
          "normal": {
            "isShiny": false,
            "status": "CAUGHT",
            "discoveredTimestamp": 1723264368272,
            "caughtTimestamp": 1723264368272
          }
        }
      },
      "name": "cobbledex_discovery"
    },
    "Cobbledex_RewardHistory": {
      "received": [],
      "name": "Cobbledex_RewardHistory"
    },
    "koStreak": {
      "name": "koStreak",
      "species": "caterpie",
      "count": 1
    },
    "koCount": {
      "name": "koCount",
      "defeats": {
        "patrat": 1,
        "bunnelby": 1,
        "caterpie": 1
      }
    },
    "captureStreak": {
      "name": "captureStreak",
      "species": "ponyta",
      "count": 1
    },
    "captureCount": {
      "name": "captureCount",
      "defeats": {
        "froakie": 1,
        "bunnelby": 2,
        "ponyta": 1,
        "haunter": 1,
        "frogadier": 1
      }
    },
    "encounter": {
      "name": "encounter",
      "encounters": {
        "froakie": true,
        "bunnelby": true,
        "patrat": true,
        "ponyta": true,
        "caterpie": true,
        "haunter": true,
        "frogadier": true
      }
    }
  },
  "advancementData": {
    "totalCaptureCount": 2,
    "totalEggsHatched": 0,
    "totalEvolvedCount": 1,
    "totalBattleVictoryCount": 4,
    "totalPvPBattleVictoryCount": 0,
    "totalPvWBattleVictoryCount": 4,
    "totalPvNBattleVictoryCount": 0,
    "totalShinyCaptureCount": 0,
    "totalTradedCount": 2,
    "totalTypeCaptureCounts": {
      "normal": 1,
      "fire": 1
    },
    "totalDefeatedCounts": {
      "cobblemon:patrat": 1,
      "cobblemon:bunnelby": 1,
      "cobblemon:caterpie": 1
    },
    "aspectsCollected": {}
  }
}