{
  "uuid": "e7c0f7bf-f9ee-3f5c-92b4-08dd2d38cda9",
  "starterPrompted": true,
  "starterLocked": false,
  "starterSelected": true,
  "starterUUID": "366a61ca-a77a-405d-97b2-b8d49758ecbc",
  "keyItems": [],
  "battleTheme": "cobblemon:battle.pvp.default",
  "extraData": {
    "cobbledex_discovery": {
      "registers": {
        "froakie": {
          "normal": {
            "isShiny": false,
            "status": "CAUGHT",
            "discoveredTimestamp": 1723253349317,
            "caughtTimestamp": 1723253349317
          }
        },
        "bunnelby": {
          "normal": {
            "isShiny": false,
            "status": "CAUGHT",
            "discoveredTimestamp": 1723262412035,
            "caughtTimestamp": 1723262412035
          }
        },
        "ponyta": {
          "normal": {
            "isShiny": false,
            "status": "CAUGHT",
            "discoveredTimestamp": 1723262748277,
            "caughtTimestamp": 1723262748277
          }
        },
        "tauros": {
          "normal": {
            "isShiny": false,
            "status": "SEEN",
            "discoveredTimestamp": 1723263719229
          }
        },
        "zubat": {
          "normal": {
            "isShiny": false,
            "status": "SEEN",
            "discoveredTimestamp": 1723264198829
          }
        },
        "haunter": {
          "normal": {
            "isShiny": false,
            "status": "CAUGHT",
            "discoveredTimestamp": 1723264305239,
            "caughtTimestamp": 1723264305239
          }
        },
        "frogadier": {
          "normal": {
            "isShiny": false,
            "status": "CAUGHT",
            "discoveredTimestamp": 1723264368272,
            "caughtTimestamp": 1723264368272
          }
        },
        "swellow": {
          "normal": {
            "isShiny": false,
            "status": "CAUGHT",
            "discoveredTimestamp": 1723265075165,
            "caughtTimestamp": 1723265075165
          }
        },
        "furret": {
          "normal": {
            "isShiny": true,
            "status": "CAUGHT",
            "discoveredTimestamp": 1723265884562,
            "caughtTimestamp": 1723265884562
          }
        },
        "growlithe": {
          "normal": {
            "isShiny": false,
            "status": "CAUGHT",
            "discoveredTimestamp": 1723266013829,
            "caughtTimestamp": 1723266013829
          }
        },
        "persian": {
          "normal": {
            "isShiny": false,
            "status": "CAUGHT",
            "discoveredTimestamp": 1723266275985,
            "caughtTimestamp": 1723266275985
          }
        },
        "duskull": {
          "normal": {
            "isShiny": false,
            "status": "CAUGHT",
            "discoveredTimestamp": 1723266902833,
            "caughtTimestamp": 1723266902833
          }
        },
        "fletchling": {
          "normal": {
            "isShiny": false,
            "status": "CAUGHT",
            "discoveredTimestamp": 1723266909368,
            "caughtTimestamp": 1723266909368
          }
        },
        "phantump": {
          "normal": {
            "isShiny": false,
            "status": "CAUGHT",
            "discoveredTimestamp": 1723267396686,
            "caughtTimestamp": 1723267396686
          }
        },
        "buneary": {
          "normal": {
            "isShiny": false,
            "status": "CAUGHT",
            "discoveredTimestamp": 1723267477012,
            "caughtTimestamp": 1723267477012
          }
        },
        "diggersby": {
          "normal": {
            "isShiny": false,
            "status": "CAUGHT",
            "discoveredTimestamp": 1723267519680,
            "caughtTimestamp": 1723267519680
          }
        },
        "seedot": {
          "normal": {
            "isShiny": false,
            "status": "CAUGHT",
            "discoveredTimestamp": 1723267563494,
            "caughtTimestamp": 1723267563494
          }
        },
        "teddiursa": {
          "normal": {
            "isShiny": false,
            "status": "CAUGHT",
            "discoveredTimestamp": 1723267568953,
            "caughtTimestamp": 1723267568953
          }
        },
        "oddish": {
          "normal": {
            "isShiny": false,
            "status": "CAUGHT",
            "discoveredTimestamp": 1723267609090,
            "caughtTimestamp": 1723267609090
          }
        },
        "rattata": {
          "normal": {
            "isShiny": false,
            "status": "CAUGHT",
            "discoveredTimestamp": 1723267656186,
            "caughtTimestamp": 1723267656186
          }
        },
        "honchkrow": {
          "normal": {
            "isShiny": false,
            "status": "CAUGHT",
            "discoveredTimestamp": 1723267684531,
            "caughtTimestamp": 1723267684531
          }
        },
        "rapidash": {
          "normal": {
            "isShiny": false,
            "status": "CAUGHT",
            "discoveredTimestamp": 1723267893292,
            "caughtTimestamp": 1723267893292
          }
        },
        "primeape": {
          "normal": {
            "isShiny": false,
            "status": "CAUGHT",
            "discoveredTimestamp": 1723267922650,
            "caughtTimestamp": 1723267922650
          }
        },
        "sneasel": {
          "hisui": {
            "isShiny": false,
            "status": "CAUGHT",
            "discoveredTimestamp": 1723267968976,
            "caughtTimestamp": 1723267968976
          }
        },
        "lopunny": {
          "normal": {
            "isShiny": false,
            "status": "CAUGHT",
            "discoveredTimestamp": 1723268181004,
            "caughtTimestamp": 1723268181004
          }
        },
        "mankey": {
          "normal": {
            "isShiny": false,
            "status": "CAUGHT",
            "discoveredTimestamp": 1723268219795,
            "caughtTimestamp": 1723268219795
          }
        },
        "murkrow": {
          "normal": {
            "isShiny": false,
            "status": "CAUGHT",
            "discoveredTimestamp": 1723268323098,
            "caughtTimestamp": 1723268335389
          }
        },
        "emolga": {
          "normal": {
            "isShiny": false,
            "status": "CAUGHT",
            "discoveredTimestamp": 1723268353241,
            "caughtTimestamp": 1723268353241
          }
        },
        "magikarp": {
          "normal": {
            "isShiny": false,
            "status": "CAUGHT",
            "discoveredTimestamp": 1723268446248,
            "caughtTimestamp": 1723268446248
          }
        },
        "cloyster": {
          "normal": {
            "isShiny": false,
            "status": "CAUGHT",
            "discoveredTimestamp": 1723268455893,
            "caughtTimestamp": 1723268455893
          }
        },
        "gastly": {
          "normal": {
            "isShiny": false,
            "status": "CAUGHT",
            "discoveredTimestamp": 1723268548799,
            "caughtTimestamp": 1723268548799
          }
        },
        "misdreavus": {
          "normal": {
            "isShiny": false,
            "status": "CAUGHT",
            "discoveredTimestamp": 1723268590342,
            "caughtTimestamp": 1723268590342
          }
        },
        "greninja": {
          "normal": {
            "isShiny": false,
            "status": "CAUGHT",
            "discoveredTimestamp": 1723268602101,
            "caughtTimestamp": 1723268602101
          }
        },
        "staryu": {
          "normal": {
            "isShiny": false,
            "status": "CAUGHT",
            "discoveredTimestamp": 1723268664908,
            "caughtTimestamp": 1723268664908
          }
        },
        "arcanine": {
          "normal": {
            "isShiny": false,
            "status": "CAUGHT",
            "discoveredTimestamp": 1723268749246,
            "caughtTimestamp": 1723268749246
          }
        }
      },
      "name": "cobbledex_discovery"
    },
    "Cobbledex_RewardHistory": {
      "received": [
        "15",
        "30"
      ],
      "name": "Cobbledex_RewardHistory"
    },
    "koStreak": {
      "name": "koStreak",
      "species": "bunnelby",
      "count": 1
    },
    "koCount": {
      "name": "koCount",
      "defeats": {
        "patrat": 1,
        "bunnelby": 2,
        "caterpie": 1
      }
    },
    "captureStreak": {
      "name": "captureStreak",
      "species": "staryu",
      "count": 1
    },
    "captureCount": {
      "name": "captureCount",
      "defeats": {
        "froakie": 1,
        "bunnelby": 2,
        "ponyta": 1,
        "haunter": 1,
        "frogadier": 1,
        "swellow": 1,
        "furret": 1,
        "growlithe": 1,
        "persian": 1,
        "duskull": 1,
        "fletchling": 1,
        "phantump": 1,
        "buneary": 1,
        "diggersby": 1,
        "seedot": 1,
        "teddiursa": 1,
        "oddish": 1,
        "rattata": 1,
        "honchkrow": 2,
        "rapidash": 1,
        "primeape": 1,
        "sneasel": 1,
        "lopunny": 1,
        "mankey": 1,
        "murkrow": 1,
        "emolga": 1,
        "magikarp": 1,
        "cloyster": 1,
        "gastly": 1,
        "misdreavus": 1,
        "greninja": 1,
        "staryu": 1,
        "arcanine": 1
      }
    },
    "encounter": {
      "name": "encounter",
      "encounters": {
        "froakie": true,
        "bunnelby": true,
        "patrat": true,
        "ponyta": true,
        "caterpie": true,
        "haunter": true,
        "frogadier": true,
        "swellow": true,
        "furret": true,
        "growlithe": true,
        "persian": true,
        "duskull": true,
        "fletchling": true,
        "phantump": true,
        "buneary": true,
        "diggersby": true,
        "seedot": true,
        "teddiursa": true,
        "oddish": true,
        "rattata": true,
        "honchkrow": true,
        "rapidash": true,
        "primeape": true,
        "sneasel": true,
        "lopunny": true,
        "mankey": true,
        "murkrow": true,
        "emolga": true,
        "magikarp": true,
        "cloyster": true,
        "gastly": true,
        "misdreavus": true,
        "greninja": true,
        "staryu": true,
        "arcanine": true
      }
    }
  },
  "advancementData": {
    "totalCaptureCount": 28,
    "totalEggsHatched": 0,
    "totalEvolvedCount": 4,
    "totalBattleVictoryCount": 6,
    "totalPvPBattleVictoryCount": 0,
    "totalPvWBattleVictoryCount": 6,
    "totalPvNBattleVictoryCount": 0,
    "totalShinyCaptureCount": 1,
    "totalTradedCount": 2,
    "totalTypeCaptureCounts": {
      "normal": 10,
      "fire": 2,
      "flying": 6,
      "ghost": 4,
      "grass": 3,
      "ground": 1,
      "poison": 3,
      "dark": 3,
      "fighting": 3,
      "electric": 1,
      "water": 3,
      "ice": 1
    },
    "totalDefeatedCounts": {
      "cobblemon:patrat": 1,
      "cobblemon:bunnelby": 2,
      "cobblemon:caterpie": 1
    },
    "aspectsCollected": {}
  }
}