{
  "uuid": "e7c0f7bf-f9ee-3f5c-92b4-08dd2d38cda9",
  "starterPrompted": true,
  "starterLocked": false,
  "starterSelected": true,
  "starterUUID": "366a61ca-a77a-405d-97b2-b8d49758ecbc",
  "keyItems": [],
  "battleTheme": "cobblemon:battle.pvp.default",
  "extraData": {
    "cobbledex_discovery": {
      "registers": {
        "froakie": {
          "normal": {
            "isShiny": false,
            "status": "CAUGHT",
            "discoveredTimestamp": 1723253349317,
            "caughtTimestamp": 1723253349317
          }
        },
        "bunnelby": {
          "normal": {
            "isShiny": false,
            "status": "CAUGHT",
            "discoveredTimestamp": 1723262412035,
            "caughtTimestamp": 1723262412035
          }
        }
      },
      "name": "cobbledex_discovery"
    },
    "Cobbledex_RewardHistory": {
      "received": [],
      "name": "Cobbledex_RewardHistory"
    },
    "koStreak": {
      "name": "koStreak",
      "species": "patrat",
      "count": 1
    },
    "koCount": {
      "name": "koCount",
      "defeats": {
        "patrat": 1
      }
    },
    "captureStreak": {
      "name": "captureStreak",
      "species": "bunnelby",
      "count": 1
    },
    "captureCount": {
      "name": "captureCount",
      "defeats": {
        "froakie": 1,
        "bunnelby": 1
      }
    },
    "encounter": {
      "name": "encounter",
      "encounters": {
        "froakie": true,
        "bunnelby": true,
        "patrat": true
      }
    }
  },
  "advancementData": {
    "totalCaptureCount": 1,
    "totalEggsHatched": 0,
    "totalEvolvedCount": 0,
    "totalBattleVictoryCount": 2,
    "totalPvPBattleVictoryCount": 0,
    "totalPvWBattleVictoryCount": 2,
    "totalPvNBattleVictoryCount": 0,
    "totalShinyCaptureCount": 0,
    "totalTradedCount": 0,
    "totalTypeCaptureCounts": {
      "normal": 1
    },
    "totalDefeatedCounts": {
      "cobblemon:patrat": 1
    },
    "aspectsCollected": {}
  }
}