{
  "uuid": "54e4b001-1309-38e8-9cf9-fcfd6193e9a7",
  "starterPrompted": true,
  "starterLocked": false,
  "starterSelected": true,
  "starterUUID": "007ccb81-8f96-4149-890e-f92bc664faed",
  "keyItems": [],
  "battleTheme": "cobblemon:battle.pvp.default",
  "extraData": {
    "cobbledex_discovery": {
      "registers": {
        "mudkip": {
          "normal": {
            "isShiny": false,
            "status": "CAUGHT",
            "discoveredTimestamp": 1723260597900,
            "caughtTimestamp": 1723260597900
          }
        }
      },
      "name": "cobbledex_discovery"
    },
    "Cobbledex_RewardHistory": {
      "received": [],
      "name": "Cobbledex_RewardHistory"
    },
    "koStreak": {
      "name": "koStreak",
      "species": "bidoof",
      "count": 1
    },
    "koCount": {
      "name": "koCount",
      "defeats": {
        "gimmighoul": 1,
        "bidoof": 1
      }
    },
    "captureStreak": {
      "name": "captureStreak",
      "species": "",
      "count": 0
    },
    "captureCount": {
      "name": "captureCount",
      "defeats": {
        "mudkip": 1
      }
    },
    "encounter": {
      "name": "encounter",
      "encounters": {
        "mudkip": true,
        "gimmighoul": true,
        "bidoof": true,
        "wimpod": true
      }
    }
  },
  "advancementData": {
    "totalCaptureCount": 0,
    "totalEggsHatched": 0,
    "totalEvolvedCount": 0,
    "totalBattleVictoryCount": 2,
    "totalPvPBattleVictoryCount": 0,
    "totalPvWBattleVictoryCount": 2,
    "totalPvNBattleVictoryCount": 0,
    "totalShinyCaptureCount": 0,
    "totalTradedCount": 0,
    "totalTypeCaptureCounts": {},
    "totalDefeatedCounts": {
      "cobblemon:gimmighoul": 1,
      "cobblemon:bidoof": 1
    },
    "aspectsCollected": {}
  }
}