{
  "uuid": "c4748b7c-b825-395a-adb1-71beb2aa81d3",
  "starterPrompted": true,
  "starterLocked": false,
  "starterSelected": true,
  "starterUUID": "adf96a47-3a55-49df-8fc5-5162c4be28b7",
  "keyItems": [],
  "battleTheme": "cobblemon:battle.pvp.default",
  "extraData": {
    "cobbledex_discovery": {
      "registers": {
        "froakie": {
          "normal": {
            "isShiny": false,
            "status": "CAUGHT",
            "discoveredTimestamp": 1723260607223,
            "caughtTimestamp": 1723260607223
          }
        },
        "slowpoke": {
          "normal": {
            "isShiny": false,
            "status": "CAUGHT",
            "discoveredTimestamp": 1723262683580,
            "caughtTimestamp": 1723262683580
          }
        },
        "lopunny": {
          "normal": {
            "isShiny": false,
            "status": "CAUGHT",
            "discoveredTimestamp": 1723264919822,
            "caughtTimestamp": 1723264919822
          }
        },
        "cubone": {
          "normal": {
            "isShiny": false,
            "status": "CAUGHT",
            "discoveredTimestamp": 1723268356046,
            "caughtTimestamp": 1723268356046
          }
        }
      },
      "name": "cobbledex_discovery"
    },
    "Cobbledex_RewardHistory": {
      "received": [],
      "name": "Cobbledex_RewardHistory"
    },
    "koStreak": {
      "name": "koStreak",
      "species": "",
      "count": 0
    },
    "koCount": {
      "name": "koCount",
      "defeats": {}
    },
    "captureStreak": {
      "name": "captureStreak",
      "species": "cubone",
      "count": 1
    },
    "captureCount": {
      "name": "captureCount",
      "defeats": {
        "froakie": 1,
        "slowpoke": 1,
        "lopunny": 1,
        "cubone": 1
      }
    },
    "encounter": {
      "name": "encounter",
      "encounters": {
        "froakie": true,
        "slowpoke": true,
        "lechonk": true,
        "lopunny": true,
        "cubone": true
      }
    }
  },
  "advancementData": {
    "totalCaptureCount": 3,
    "totalEggsHatched": 0,
    "totalEvolvedCount": 0,
    "totalBattleVictoryCount": 0,
    "totalPvPBattleVictoryCount": 0,
    "totalPvWBattleVictoryCount": 0,
    "totalPvNBattleVictoryCount": 0,
    "totalShinyCaptureCount": 0,
    "totalTradedCount": 0,
    "totalTypeCaptureCounts": {
      "water": 1,
      "psychic": 1,
      "normal": 1,
      "ground": 1
    },
    "totalDefeatedCounts": {},
    "aspectsCollected": {}
  }
}