{
  "uuid": "c4748b7c-b825-395a-adb1-71beb2aa81d3",
  "starterPrompted": true,
  "starterLocked": false,
  "starterSelected": true,
  "starterUUID": "adf96a47-3a55-49df-8fc5-5162c4be28b7",
  "keyItems": [],
  "battleTheme": "cobblemon:battle.pvp.default",
  "extraData": {
    "cobbledex_discovery": {
      "registers": {
        "froakie": {
          "normal": {
            "isShiny": false,
            "status": "CAUGHT",
            "discoveredTimestamp": 1723260607223,
            "caughtTimestamp": 1723260607223
          }
        }
      },
      "name": "cobbledex_discovery"
    },
    "Cobbledex_RewardHistory": {
      "received": [],
      "name": "Cobbledex_RewardHistory"
    },
    "koStreak": {
      "name": "koStreak",
      "species": "",
      "count": 0
    },
    "koCount": {
      "name": "koCount",
      "defeats": {}
    },
    "captureStreak": {
      "name": "captureStreak",
      "species": "",
      "count": 0
    },
    "captureCount": {
      "name": "captureCount",
      "defeats": {
        "froakie": 1
      }
    },
    "encounter": {
      "name": "encounter",
      "encounters": {
        "froakie": true
      }
    }
  },
  "advancementData": {
    "totalCaptureCount": 0,
    "totalEggsHatched": 0,
    "totalEvolvedCount": 0,
    "totalBattleVictoryCount": 0,
    "totalPvPBattleVictoryCount": 0,
    "totalPvWBattleVictoryCount": 0,
    "totalPvNBattleVictoryCount": 0,
    "totalShinyCaptureCount": 0,
    "totalTradedCount": 0,
    "totalTypeCaptureCounts": {},
    "totalDefeatedCounts": {},
    "aspectsCollected": {}
  }
}