{
  "uuid": "71b078ce-3bcf-3075-abea-65c21c252ce2",
  "starterPrompted": true,
  "starterLocked": false,
  "starterSelected": true,
  "starterUUID": "b2e86584-ff12-4a78-a673-d78b9bfa3005",
  "keyItems": [],
  "battleTheme": "cobblemon:battle.pvp.default",
  "extraData": {
    "cobbledex_discovery": {
      "registers": {
        "froakie": {
          "normal": {
            "isShiny": false,
            "status": "CAUGHT",
            "discoveredTimestamp": 1723261202121,
            "caughtTimestamp": 1723261202121
          }
        }
      },
      "name": "cobbledex_discovery"
    },
    "Cobbledex_RewardHistory": {
      "received": [],
      "name": "Cobbledex_RewardHistory"
    },
    "koStreak": {
      "name": "koStreak",
      "species": "bunnelby",
      "count": 1
    },
    "koCount": {
      "name": "koCount",
      "defeats": {
        "bunnelby": 1
      }
    },
    "captureStreak": {
      "name": "captureStreak",
      "species": "",
      "count": 0
    },
    "captureCount": {
      "name": "captureCount",
      "defeats": {
        "froakie": 1
      }
    },
    "encounter": {
      "name": "encounter",
      "encounters": {
        "froakie": true,
        "bunnelby": true
      }
    }
  },
  "advancementData": {
    "totalCaptureCount": 0,
    "totalEggsHatched": 0,
    "totalEvolvedCount": 0,
    "totalBattleVictoryCount": 1,
    "totalPvPBattleVictoryCount": 0,
    "totalPvWBattleVictoryCount": 1,
    "totalPvNBattleVictoryCount": 0,
    "totalShinyCaptureCount": 0,
    "totalTradedCount": 0,
    "totalTypeCaptureCounts": {},
    "totalDefeatedCounts": {
      "cobblemon:bunnelby": 1
    },
    "aspectsCollected": {}
  }
}