{"stats":{"minecraft:mined":{"minecraft:tall_grass":2},"minecraft:custom":{"minecraft:time_since_rest":14834,"minecraft:crouch_one_cm":3671,"minecraft:play_time":14834,"minecraft:sprint_one_cm":4326,"minecraft:damage_taken":70,"minecraft:walk_one_cm":16842,"minecraft:sneak_time":1349,"minecraft:walk_under_water_one_cm":5864,"minecraft:jump":70,"minecraft:damage_dealt":10,"minecraft:time_since_death":14834,"minecraft:walk_on_water_one_cm":1743,"minecraft:total_world_time":14834,"minecraft:fall_one_cm":1594,"minecraft:fly_one_cm":94871},"minecraft:used":{"minecraft:water_bucket":10,"minecraft:dirt":15,"minecraft:golden_carrot":2,"quark:oak_vertical_slab":48,"minecraft:oak_slab":83,"minecraft:grass_block":4,"minecraft:oak_stairs":27,"quark:vertical_oak_planks":33},"minecraft:picked_up":{"minecraft:wheat_seeds":1}},"DataVersion":3465}