{"stats":{"minecraft:used":{"minecraft:cooked_mutton":9,"minecraft:stone_sword":152,"megamons:anistarite_rough_geode_block":4,"minecraft:stone_pickaxe":61,"minecraft:oak_planks":1,"minecraft:spruce_planks":1,"minecraft:shield":5,"minecraft:wooden_pickaxe":59,"minecraft:torch":19,"minecraft:mutton":3,"minecraft:crafting_table":7,"waystones:waystone":1,"minecraft:iron_pickaxe":106,"minecraft:stone_axe":108,"minecraft:cobblestone":15,"minecraft:beef":20,"tombstone:gift":1,"minecraft:oak_boat":3,"minecraft:cooked_beef":8},"minecraft:killed_by":{"cobblemon:pokemon":2,"minecraft:skeleton":1,"minecraft:creeper":2,"minecraft:pillager":1},"minecraft:mined":{"megamons:anistarite_rough_geode_block":4,"minecraft:diamond_ore":23,"minecraft:spruce_planks":1,"megamons:anistarite_geode_block":13,"cobblemon:big_root":3,"megamons:crystal_shiny_stone_ore":1,"minecraft:crafting_table":6,"biomesoplenty:bush":2,"minecraft:blast_furnace":1,"minecraft:calcite":1,"megamons:crystal_water_stone_ore":1,"cobblemon:energy_root":1,"minecraft:tall_grass":7,"minecraft:deepslate_gold_ore":3,"minecraft:sugar_cane":10,"minecraft:amethyst_block":2,"minecraft:hay_block":61,"minecraft:iron_ore":32,"biomesoplenty:lavender":1,"minecraft:grass":76,"minecraft:oak_log":17,"minecraft:coal_ore":72,"minecraft:deepslate_iron_ore":3,"minecraft:smooth_basalt":1,"minecraft:gold_ore":7,"minecraft:stone":61,"minecraft:oak_leaves":1},"minecraft:broken":{"minecraft:stone_sword":1,"minecraft:wooden_pickaxe":1},"minecraft:picked_up":{"biomesoplenty:lavender":2,"minecraft:crafting_table":6,"cobblemon:ultra_ball":2,"minecraft:tripwire_hook":4,"minecraft:leather":26,"minecraft:oak_log":17,"minecraft:gunpowder":2,"minecraft:amethyst_block":4,"megamons:anistarite_geode_block":13,"minecraft:string":4,"minecraft:cooked_mutton":7,"minecraft:bone":1,"minecraft:wheat_seeds":11,"minecraft:raw_gold":10,"minecraft:spruce_planks":1,"minecraft:beef":52,"minecraft:oak_boat":2,"minecraft:calcite":2,"trials:ominous_bottle":1,"cobblemon:big_root":3,"minecraft:sugar_cane":8,"minecraft:raw_iron":35,"minecraft:smooth_basalt":1,"cobblemon:shiny_stone":1,"cobblemon:dusk_ball":448,"minecraft:spruce_sapling":5,"minecraft:blast_furnace":1,"minecraft:spider_eye":9,"megamons:anistarite_rough_geode_block":4,"minecraft:diamond":23,"minecraft:arrow":1,"minecraft:rotten_flesh":14,"minecraft:hay_block":61,"artifacts:panic_necklace":1,"supplementaries:ash":10,"minecraft:gray_wool":1,"cobblemon:water_stone":1,"minecraft:black_wool":2,"minecraft:mutton":25,"minecraft:coal":72,"cobblemon:energy_root":1,"minecraft:white_wool":17,"minecraft:cobblestone":70},"minecraft:dropped":{"minecraft:wheat_seeds":11,"cobblemon:big_root":3,"minecraft:crossbow":1,"biomesoplenty:lavender":2,"minecraft:rotten_flesh":14,"cobblemon:dusk_ball":128,"minecraft:amethyst_block":4,"megamons:anistarite_geode_block":26,"minecraft:gray_wool":1,"minecraft:shield":1,"cobblemon:energy_root":1,"minecraft:spider_eye":9,"minecraft:white_banner":1,"minecraft:arrow":1,"minecraft:stone_pickaxe":1,"minecraft:calcite":2,"minecraft:spruce_sapling":8,"minecraft:bone":1,"minecraft:black_wool":2,"minecraft:smooth_basalt":2},"minecraft:crafted":{"minecraft:cooked_beef":15,"minecraft:oak_planks":68,"sophisticatedbackpacks:backpack":1,"minecraft:crafting_table":1,"minecraft:wooden_pickaxe":1,"minecraft:stone_axe":1,"minecraft:cooked_mutton":2,"minecraft:air":0,"minecraft:oak_boat":2,"minecraft:shield":2,"minecraft:stick":24,"quark:oak_chest":1,"minecraft:iron_ingot":5,"minecraft:iron_pickaxe":1,"minecraft:stone_pickaxe":1,"minecraft:stone_sword":1,"minecraft:chest":1,"minecraft:torch":60},"minecraft:killed":{"minecraft:spider":3,"minecraft:creeper":3,"minecraft:skeleton":1,"minecraft:sheep":18,"minecraft:pillager":2,"minecraft:zombie":6,"minecraft:cow":23},"minecraft:custom":{"minecraft:interact_with_furnace":8,"minecraft:mob_kills":59,"tombstone:raider_killed":2,"minecraft:interact_with_crafting_table":9,"minecraft:open_barrel":5,"minecraft:time_since_death":3960,"minecraft:climb_one_cm":1068,"minecraft:time_since_rest":1561,"minecraft:waystone_activated":1,"minecraft:sprint_one_cm":286887,"minecraft:damage_taken":3237,"minecraft:walk_one_cm":156581,"minecraft:damage_blocked_by_shield":255,"minecraft:drop":36,"minecraft:damage_dealt":7071,"minecraft:interact_with_beacon":1,"minecraft:damage_dealt_absorbed":9,"minecraft:swim_one_cm":113757,"minecraft:fly_one_cm":682535,"minecraft:open_chest":1,"minecraft:crouch_one_cm":18601,"minecraft:play_time":107520,"tombstone:undead_killed":7,"minecraft:deaths":6,"minecraft:sneak_time":5898,"minecraft:walk_under_water_one_cm":19607,"minecraft:boat_one_cm":107736,"minecraft:jump":2763,"minecraft:walk_on_water_one_cm":20909,"minecraft:total_world_time":107520,"minecraft:fall_one_cm":81915}},"DataVersion":3465}