{"stats":{"minecraft:used":{"minecraft:cooked_mutton":9,"minecraft:stone_sword":111,"minecraft:stone_pickaxe":50,"minecraft:oak_planks":1,"minecraft:wooden_pickaxe":59,"minecraft:mutton":3,"minecraft:crafting_table":5,"waystones:waystone":1,"minecraft:stone_axe":87,"minecraft:cobblestone":8,"minecraft:beef":20,"tombstone:gift":1,"minecraft:oak_boat":1},"minecraft:mined":{"cobblemon:big_root":3,"minecraft:crafting_table":4,"minecraft:calcite":1,"cobblemon:energy_root":1,"minecraft:tall_grass":7,"minecraft:sugar_cane":10,"minecraft:amethyst_block":2,"minecraft:iron_ore":5,"biomesoplenty:lavender":1,"minecraft:grass":76,"minecraft:oak_log":17,"minecraft:coal_ore":41,"minecraft:smooth_basalt":1,"minecraft:stone":58},"minecraft:killed_by":{"cobblemon:pokemon":1,"minecraft:pillager":1},"minecraft:broken":{"minecraft:wooden_pickaxe":1},"minecraft:picked_up":{"biomesoplenty:lavender":2,"minecraft:crafting_table":4,"cobblemon:ultra_ball":2,"minecraft:tripwire_hook":4,"minecraft:leather":20,"minecraft:oak_log":17,"minecraft:amethyst_block":2,"minecraft:string":4,"minecraft:cooked_mutton":7,"minecraft:wheat_seeds":11,"minecraft:beef":35,"minecraft:calcite":1,"trials:ominous_bottle":1,"cobblemon:big_root":3,"minecraft:sugar_cane":8,"minecraft:raw_iron":5,"minecraft:smooth_basalt":1,"cobblemon:dusk_ball":384,"minecraft:spider_eye":9,"minecraft:rotten_flesh":14,"minecraft:gray_wool":1,"minecraft:black_wool":1,"minecraft:mutton":14,"minecraft:coal":41,"cobblemon:energy_root":1,"minecraft:white_wool":9,"minecraft:cobblestone":59},"minecraft:dropped":{"minecraft:wheat_seeds":11,"minecraft:crossbow":1,"biomesoplenty:lavender":2,"minecraft:rotten_flesh":6,"minecraft:gray_wool":1,"minecraft:spider_eye":6,"minecraft:white_banner":1,"minecraft:black_wool":1},"minecraft:crafted":{"minecraft:oak_planks":28,"sophisticatedbackpacks:backpack":1,"minecraft:crafting_table":1,"minecraft:wooden_pickaxe":1,"minecraft:stone_axe":1,"minecraft:cooked_mutton":2,"minecraft:air":0,"minecraft:oak_boat":1,"minecraft:stick":8,"quark:oak_chest":1,"minecraft:stone_pickaxe":1,"minecraft:stone_sword":1,"minecraft:chest":1},"minecraft:killed":{"minecraft:spider":3,"minecraft:sheep":9,"minecraft:pillager":2,"minecraft:zombie":3,"minecraft:cow":15},"minecraft:custom":{"minecraft:interact_with_furnace":3,"minecraft:mob_kills":34,"tombstone:raider_killed":2,"minecraft:interact_with_crafting_table":5,"minecraft:time_since_death":4634,"minecraft:time_since_rest":4155,"minecraft:waystone_activated":1,"minecraft:sprint_one_cm":157514,"minecraft:damage_taken":1492,"minecraft:walk_one_cm":115715,"minecraft:drop":14,"minecraft:damage_dealt":4017,"minecraft:interact_with_beacon":1,"minecraft:swim_one_cm":21244,"minecraft:fly_one_cm":404575,"minecraft:crouch_one_cm":17151,"minecraft:play_time":71520,"tombstone:undead_killed":3,"minecraft:deaths":2,"minecraft:sneak_time":5009,"minecraft:walk_under_water_one_cm":3981,"minecraft:boat_one_cm":53015,"minecraft:jump":1614,"minecraft:walk_on_water_one_cm":7305,"minecraft:total_world_time":71520,"minecraft:fall_one_cm":49877}},"DataVersion":3465}