{"stats":{"minecraft:mined":{"minecraft:tall_grass":2},"minecraft:custom":{"minecraft:jump":30,"minecraft:time_since_rest":2834,"minecraft:sprint_one_cm":2561,"minecraft:play_time":2834,"minecraft:damage_taken":70,"minecraft:time_since_death":2834,"minecraft:walk_one_cm":2724,"minecraft:sneak_time":166,"minecraft:total_world_time":2834,"minecraft:walk_under_water_one_cm":5408,"minecraft:fall_one_cm":1594,"minecraft:fly_one_cm":16196},"minecraft:used":{"minecraft:dirt":15,"minecraft:golden_carrot":2}},"DataVersion":3465}