{"stats":{"minecraft:used":{"minecraft:cooked_mutton":9,"minecraft:stone_sword":122,"minecraft:stone_pickaxe":58,"minecraft:oak_planks":1,"minecraft:wooden_pickaxe":59,"minecraft:mutton":3,"minecraft:crafting_table":6,"waystones:waystone":1,"minecraft:stone_axe":89,"minecraft:cobblestone":10,"minecraft:beef":20,"tombstone:gift":1,"minecraft:oak_boat":2,"minecraft:cooked_beef":1},"minecraft:mined":{"cobblemon:big_root":3,"minecraft:crafting_table":6,"minecraft:calcite":1,"cobblemon:energy_root":1,"minecraft:tall_grass":7,"minecraft:sugar_cane":10,"minecraft:amethyst_block":2,"minecraft:iron_ore":9,"biomesoplenty:lavender":1,"minecraft:grass":76,"minecraft:oak_log":17,"minecraft:coal_ore":45,"minecraft:smooth_basalt":1,"minecraft:stone":58,"minecraft:oak_leaves":1},"minecraft:killed_by":{"cobblemon:pokemon":1,"minecraft:skeleton":1,"minecraft:creeper":1,"minecraft:pillager":1},"minecraft:broken":{"minecraft:wooden_pickaxe":1},"minecraft:picked_up":{"biomesoplenty:lavender":2,"minecraft:crafting_table":6,"cobblemon:ultra_ball":2,"minecraft:tripwire_hook":4,"minecraft:leather":20,"minecraft:oak_log":17,"minecraft:amethyst_block":4,"minecraft:string":4,"minecraft:cooked_mutton":7,"minecraft:bone":1,"minecraft:wheat_seeds":11,"minecraft:beef":35,"minecraft:calcite":2,"trials:ominous_bottle":1,"cobblemon:big_root":3,"minecraft:sugar_cane":8,"minecraft:raw_iron":9,"minecraft:smooth_basalt":1,"cobblemon:dusk_ball":448,"minecraft:spider_eye":9,"minecraft:arrow":1,"minecraft:rotten_flesh":14,"minecraft:gray_wool":1,"minecraft:black_wool":1,"minecraft:mutton":14,"minecraft:coal":45,"cobblemon:energy_root":1,"minecraft:white_wool":9,"minecraft:cobblestone":62},"minecraft:dropped":{"minecraft:wheat_seeds":11,"minecraft:crossbow":1,"biomesoplenty:lavender":2,"minecraft:rotten_flesh":6,"cobblemon:dusk_ball":128,"minecraft:amethyst_block":2,"minecraft:gray_wool":1,"minecraft:shield":1,"minecraft:spider_eye":6,"minecraft:white_banner":1,"minecraft:calcite":2,"minecraft:black_wool":1,"minecraft:smooth_basalt":2},"minecraft:crafted":{"minecraft:cooked_beef":15,"minecraft:oak_planks":68,"sophisticatedbackpacks:backpack":1,"minecraft:crafting_table":1,"minecraft:wooden_pickaxe":1,"minecraft:stone_axe":1,"minecraft:cooked_mutton":2,"minecraft:air":0,"minecraft:oak_boat":2,"minecraft:shield":2,"minecraft:stick":8,"quark:oak_chest":1,"minecraft:iron_ingot":5,"minecraft:stone_pickaxe":1,"minecraft:stone_sword":1,"minecraft:chest":1},"minecraft:killed":{"minecraft:spider":3,"minecraft:skeleton":1,"minecraft:sheep":9,"minecraft:pillager":2,"minecraft:zombie":4,"minecraft:cow":15},"minecraft:custom":{"minecraft:interact_with_furnace":8,"minecraft:mob_kills":36,"tombstone:raider_killed":2,"minecraft:interact_with_crafting_table":7,"minecraft:time_since_death":8876,"minecraft:time_since_rest":8627,"minecraft:waystone_activated":1,"minecraft:sprint_one_cm":173024,"minecraft:damage_taken":2014,"minecraft:walk_one_cm":126718,"minecraft:drop":22,"minecraft:damage_dealt":4429,"minecraft:interact_with_beacon":1,"minecraft:swim_one_cm":104582,"minecraft:fly_one_cm":440077,"minecraft:crouch_one_cm":17392,"minecraft:play_time":83520,"tombstone:undead_killed":5,"minecraft:deaths":4,"minecraft:sneak_time":5384,"minecraft:walk_under_water_one_cm":18981,"minecraft:boat_one_cm":54914,"minecraft:jump":1818,"minecraft:walk_on_water_one_cm":18344,"minecraft:total_world_time":83520,"minecraft:fall_one_cm":54055}},"DataVersion":3465}