{"stats":{"minecraft:used":{"waystones:waystone":1,"minecraft:stone_sword":61,"minecraft:wooden_pickaxe":59,"minecraft:stone_axe":1,"minecraft:mutton":2,"minecraft:beef":17,"minecraft:crafting_table":2},"minecraft:killed_by":{"minecraft:pillager":1},"minecraft:mined":{"minecraft:crafting_table":2,"minecraft:grass":5,"minecraft:oak_log":6,"minecraft:tall_grass":6,"minecraft:stone":58},"minecraft:broken":{"minecraft:wooden_pickaxe":1},"minecraft:picked_up":{"minecraft:crafting_table":2,"cobblemon:ultra_ball":2,"minecraft:tripwire_hook":4,"minecraft:leather":14,"minecraft:oak_log":6,"minecraft:wheat_seeds":1,"minecraft:beef":20,"minecraft:gray_wool":1,"trials:ominous_bottle":1,"minecraft:black_wool":1,"minecraft:mutton":13,"minecraft:white_wool":8,"minecraft:cobblestone":58},"minecraft:dropped":{"minecraft:gray_wool":1,"minecraft:wheat_seeds":1,"minecraft:crossbow":1,"minecraft:white_banner":1,"minecraft:black_wool":1},"minecraft:crafted":{"minecraft:oak_planks":24,"minecraft:crafting_table":1,"minecraft:stick":8,"minecraft:wooden_pickaxe":1,"minecraft:stone_pickaxe":1,"minecraft:stone_sword":1,"minecraft:stone_axe":1},"minecraft:killed":{"minecraft:sheep":8,"minecraft:pillager":2,"minecraft:spider":1,"minecraft:cow":10},"minecraft:custom":{"minecraft:time_since_rest":1896,"minecraft:waystone_activated":1,"minecraft:sprint_one_cm":100299,"minecraft:damage_taken":458,"minecraft:walk_one_cm":89849,"minecraft:mob_kills":21,"minecraft:drop":5,"tombstone:raider_killed":2,"minecraft:damage_dealt":2173,"minecraft:interact_with_beacon":1,"minecraft:swim_one_cm":2097,"minecraft:interact_with_crafting_table":2,"minecraft:fly_one_cm":278275,"minecraft:crouch_one_cm":14598,"minecraft:play_time":53520,"minecraft:deaths":1,"minecraft:sneak_time":4384,"minecraft:walk_under_water_one_cm":3148,"minecraft:jump":996,"minecraft:walk_on_water_one_cm":436,"minecraft:time_since_death":2591,"minecraft:total_world_time":53520,"minecraft:fall_one_cm":29890}},"DataVersion":3465}