{"stats":{"minecraft:used":{"minecraft:cooked_mutton":8,"waystones:waystone":1,"minecraft:stone_sword":103,"minecraft:stone_pickaxe":41,"minecraft:oak_planks":1,"minecraft:wooden_pickaxe":59,"minecraft:stone_axe":2,"minecraft:cobblestone":8,"minecraft:mutton":3,"minecraft:beef":20,"minecraft:crafting_table":3,"tombstone:gift":1},"minecraft:killed_by":{"minecraft:pillager":1},"minecraft:mined":{"biomesoplenty:lavender":1,"cobblemon:big_root":3,"minecraft:crafting_table":3,"minecraft:grass":8,"minecraft:coal_ore":41,"minecraft:oak_log":6,"cobblemon:energy_root":1,"minecraft:tall_grass":7,"minecraft:sugar_cane":2,"minecraft:stone":58},"minecraft:broken":{"minecraft:wooden_pickaxe":1},"minecraft:picked_up":{"biomesoplenty:lavender":2,"minecraft:crafting_table":3,"cobblemon:ultra_ball":2,"minecraft:tripwire_hook":4,"minecraft:leather":20,"minecraft:oak_log":6,"minecraft:spider_eye":9,"minecraft:string":4,"minecraft:cooked_mutton":7,"minecraft:rotten_flesh":14,"minecraft:wheat_seeds":2,"minecraft:beef":32,"minecraft:sugar_cane":2,"minecraft:gray_wool":1,"trials:ominous_bottle":1,"cobblemon:energy_root":1,"cobblemon:big_root":3,"minecraft:coal":41,"minecraft:black_wool":1,"minecraft:mutton":14,"minecraft:white_wool":9,"minecraft:cobblestone":59},"minecraft:dropped":{"minecraft:gray_wool":1,"minecraft:wheat_seeds":2,"biomesoplenty:lavender":2,"minecraft:crossbow":1,"minecraft:rotten_flesh":6,"minecraft:spider_eye":6,"minecraft:white_banner":1,"minecraft:black_wool":1},"minecraft:crafted":{"minecraft:oak_planks":24,"sophisticatedbackpacks:backpack":1,"minecraft:crafting_table":1,"quark:oak_chest":1,"minecraft:stick":8,"minecraft:wooden_pickaxe":1,"minecraft:stone_pickaxe":1,"minecraft:chest":1,"minecraft:stone_sword":1,"minecraft:stone_axe":1,"minecraft:air":0,"minecraft:cooked_mutton":2},"minecraft:killed":{"minecraft:sheep":9,"minecraft:pillager":2,"minecraft:zombie":3,"minecraft:spider":3,"minecraft:cow":15},"minecraft:custom":{"minecraft:time_since_rest":13896,"minecraft:waystone_activated":1,"minecraft:interact_with_furnace":3,"minecraft:sprint_one_cm":142150,"minecraft:damage_taken":1088,"minecraft:walk_one_cm":107854,"minecraft:mob_kills":34,"minecraft:drop":13,"tombstone:raider_killed":2,"minecraft:damage_dealt":3734,"minecraft:interact_with_beacon":1,"minecraft:swim_one_cm":14090,"minecraft:interact_with_crafting_table":4,"minecraft:fly_one_cm":357900,"minecraft:crouch_one_cm":16866,"minecraft:play_time":65520,"tombstone:undead_killed":3,"minecraft:deaths":1,"minecraft:sneak_time":4894,"minecraft:walk_under_water_one_cm":3451,"minecraft:jump":1450,"minecraft:walk_on_water_one_cm":1878,"minecraft:time_since_death":14591,"minecraft:total_world_time":65520,"minecraft:fall_one_cm":44526}},"DataVersion":3465}