{"stats":{"minecraft:used":{"minecraft:cooked_mutton":9,"minecraft:stone_sword":152,"megamons:anistarite_rough_geode_block":4,"minecraft:stone_pickaxe":61,"minecraft:oak_planks":1,"minecraft:shield":5,"minecraft:wooden_pickaxe":59,"minecraft:mutton":3,"minecraft:crafting_table":7,"waystones:waystone":1,"minecraft:iron_pickaxe":24,"minecraft:stone_axe":105,"minecraft:cobblestone":15,"minecraft:beef":20,"tombstone:gift":1,"minecraft:oak_boat":3,"minecraft:cooked_beef":5},"minecraft:killed_by":{"cobblemon:pokemon":1,"minecraft:skeleton":1,"minecraft:creeper":1,"minecraft:pillager":1},"minecraft:mined":{"megamons:anistarite_rough_geode_block":4,"megamons:anistarite_geode_block":13,"cobblemon:big_root":3,"megamons:crystal_shiny_stone_ore":1,"minecraft:crafting_table":6,"biomesoplenty:bush":2,"minecraft:calcite":1,"megamons:crystal_water_stone_ore":1,"cobblemon:energy_root":1,"minecraft:tall_grass":7,"minecraft:sugar_cane":10,"minecraft:amethyst_block":2,"minecraft:hay_block":61,"minecraft:iron_ore":13,"biomesoplenty:lavender":1,"minecraft:grass":76,"minecraft:oak_log":17,"minecraft:coal_ore":45,"minecraft:deepslate_iron_ore":3,"minecraft:smooth_basalt":1,"minecraft:stone":59,"minecraft:oak_leaves":1},"minecraft:broken":{"minecraft:stone_sword":1,"minecraft:wooden_pickaxe":1},"minecraft:picked_up":{"biomesoplenty:lavender":2,"minecraft:crafting_table":6,"cobblemon:ultra_ball":2,"minecraft:tripwire_hook":4,"minecraft:leather":26,"minecraft:oak_log":17,"minecraft:gunpowder":1,"minecraft:amethyst_block":4,"megamons:anistarite_geode_block":13,"minecraft:string":4,"minecraft:cooked_mutton":7,"minecraft:bone":1,"minecraft:wheat_seeds":11,"minecraft:beef":52,"minecraft:oak_boat":2,"minecraft:calcite":2,"trials:ominous_bottle":1,"cobblemon:big_root":3,"minecraft:sugar_cane":8,"minecraft:raw_iron":16,"minecraft:smooth_basalt":1,"cobblemon:shiny_stone":1,"cobblemon:dusk_ball":448,"minecraft:spider_eye":9,"megamons:anistarite_rough_geode_block":4,"minecraft:arrow":1,"minecraft:rotten_flesh":14,"minecraft:hay_block":61,"minecraft:gray_wool":1,"cobblemon:water_stone":1,"minecraft:black_wool":2,"minecraft:mutton":25,"minecraft:coal":45,"cobblemon:energy_root":1,"minecraft:white_wool":17,"minecraft:cobblestone":68},"minecraft:dropped":{"minecraft:wheat_seeds":11,"cobblemon:big_root":3,"minecraft:crossbow":1,"biomesoplenty:lavender":2,"minecraft:rotten_flesh":14,"cobblemon:dusk_ball":128,"minecraft:amethyst_block":4,"minecraft:gray_wool":1,"minecraft:shield":1,"cobblemon:energy_root":1,"minecraft:spider_eye":9,"minecraft:white_banner":1,"minecraft:arrow":1,"minecraft:stone_pickaxe":1,"minecraft:calcite":2,"minecraft:bone":1,"minecraft:black_wool":2,"minecraft:smooth_basalt":2},"minecraft:crafted":{"minecraft:cooked_beef":15,"minecraft:oak_planks":68,"sophisticatedbackpacks:backpack":1,"minecraft:crafting_table":1,"minecraft:wooden_pickaxe":1,"minecraft:stone_axe":1,"minecraft:cooked_mutton":2,"minecraft:air":0,"minecraft:oak_boat":2,"minecraft:shield":2,"minecraft:stick":12,"quark:oak_chest":1,"minecraft:iron_ingot":5,"minecraft:iron_pickaxe":1,"minecraft:stone_pickaxe":1,"minecraft:stone_sword":1,"minecraft:chest":1},"minecraft:killed":{"minecraft:spider":3,"minecraft:creeper":2,"minecraft:skeleton":1,"minecraft:sheep":18,"minecraft:pillager":2,"minecraft:zombie":6,"minecraft:cow":23},"minecraft:custom":{"minecraft:interact_with_furnace":8,"minecraft:mob_kills":58,"tombstone:raider_killed":2,"minecraft:interact_with_crafting_table":9,"minecraft:time_since_death":20876,"minecraft:time_since_rest":20627,"minecraft:waystone_activated":1,"minecraft:sprint_one_cm":213419,"minecraft:damage_taken":2289,"minecraft:walk_one_cm":144122,"minecraft:damage_blocked_by_shield":255,"minecraft:drop":31,"minecraft:damage_dealt":6871,"minecraft:interact_with_beacon":1,"minecraft:swim_one_cm":113757,"minecraft:fly_one_cm":556981,"minecraft:crouch_one_cm":18535,"minecraft:play_time":95520,"tombstone:undead_killed":7,"minecraft:deaths":4,"minecraft:sneak_time":5842,"minecraft:walk_under_water_one_cm":19607,"minecraft:boat_one_cm":107736,"minecraft:jump":2307,"minecraft:walk_on_water_one_cm":18881,"minecraft:total_world_time":95520,"minecraft:fall_one_cm":71333}},"DataVersion":3465}