{"stats":{"minecraft:used":{"minecraft:cooked_mutton":9,"minecraft:stone_sword":152,"megamons:anistarite_rough_geode_block":4,"minecraft:stone_pickaxe":61,"minecraft:oak_planks":1,"minecraft:spruce_planks":1,"minecraft:shield":11,"minecraft:wooden_pickaxe":59,"minecraft:torch":19,"minecraft:mutton":3,"minecraft:crafting_table":8,"waystones:waystone":1,"minecraft:diamond_pickaxe":21,"minecraft:bread":7,"minecraft:iron_pickaxe":125,"minecraft:stone_axe":130,"minecraft:cobblestone":18,"minecraft:beef":20,"tombstone:gift":3,"minecraft:oak_boat":3,"minecraft:cooked_beef":15},"minecraft:killed_by":{"cobblemon:pokemon":2,"minecraft:skeleton":1,"minecraft:creeper":2,"minecraft:pillager":1},"minecraft:mined":{"megamons:anistarite_rough_geode_block":4,"minecraft:diamond_ore":23,"minecraft:spruce_planks":1,"megamons:anistarite_geode_block":13,"cobblemon:big_root":3,"megamons:crystal_shiny_stone_ore":1,"minecraft:crafting_table":8,"biomesoplenty:bush":2,"minecraft:blast_furnace":3,"minecraft:calcite":1,"megamons:crystal_water_stone_ore":1,"cobblemon:energy_root":1,"minecraft:tall_grass":7,"minecraft:lapis_ore":2,"minecraft:deepslate_gold_ore":3,"minecraft:sugar_cane":10,"minecraft:amethyst_block":2,"minecraft:hay_block":61,"minecraft:iron_ore":57,"biomesoplenty:lavender":1,"minecraft:deepslate_lapis_ore":1,"minecraft:grass":76,"minecraft:oak_log":17,"minecraft:coal_ore":72,"minecraft:deepslate_iron_ore":10,"megamons:tyranitarite_crystal_ore":1,"minecraft:smooth_basalt":1,"minecraft:gold_ore":7,"minecraft:stone":63,"minecraft:oak_leaves":1},"minecraft:broken":{"minecraft:stone_sword":1,"minecraft:wooden_pickaxe":1},"minecraft:picked_up":{"biomesoplenty:lavender":2,"minecraft:wheat":7,"minecraft:crafting_table":8,"cobblemon:ultra_ball":2,"minecraft:tripwire_hook":4,"minecraft:leather":26,"minecraft:oak_log":17,"minecraft:lapis_lazuli":21,"minecraft:gunpowder":2,"minecraft:amethyst_block":4,"megamons:anistarite_geode_block":13,"minecraft:string":4,"minecraft:cooked_mutton":7,"minecraft:bone":2,"quark:music_disc_ocean":1,"minecraft:wheat_seeds":11,"minecraft:raw_gold":10,"minecraft:spruce_planks":1,"minecraft:beef":52,"cobblemon:quick_ball":2,"minecraft:oak_boat":2,"minecraft:calcite":2,"trials:ominous_bottle":1,"minecraft:glowstone_dust":1,"cobblemon:big_root":3,"minecraft:sugar_cane":8,"minecraft:raw_iron":67,"minecraft:smooth_basalt":1,"cobblemon:shiny_stone":1,"cobblemon:dusk_ball":448,"minecraft:spruce_sapling":5,"minecraft:blast_furnace":3,"cobblemon:aspear_berry":4,"minecraft:spider_eye":10,"megamons:raw_tyranitarite":1,"megamons:anistarite_rough_geode_block":4,"minecraft:diamond":23,"minecraft:arrow":2,"minecraft:rotten_flesh":14,"minecraft:hay_block":61,"artifacts:panic_necklace":1,"supplementaries:ash":10,"minecraft:gray_wool":1,"cobblemon:water_stone":1,"minecraft:black_wool":2,"minecraft:mutton":25,"minecraft:coal":72,"cobblemon:energy_root":1,"minecraft:white_wool":17,"minecraft:cobblestone":72},"minecraft:dropped":{"minecraft:enchanted_book":1,"minecraft:wheat_seeds":11,"cobblemon:big_root":3,"minecraft:crossbow":1,"biomesoplenty:lavender":2,"minecraft:rotten_flesh":14,"cobblemon:dusk_ball":128,"minecraft:amethyst_block":4,"minecraft:glowstone_dust":1,"megamons:anistarite_geode_block":26,"minecraft:gray_wool":1,"minecraft:shield":1,"cobblemon:aspear_berry":4,"cobblemon:energy_root":1,"minecraft:spider_eye":10,"minecraft:white_banner":1,"minecraft:arrow":1,"minecraft:stone_pickaxe":1,"minecraft:calcite":2,"minecraft:spruce_sapling":8,"minecraft:bone":1,"minecraft:black_wool":2,"minecraft:smooth_basalt":2},"minecraft:crafted":{"minecraft:cooked_beef":15,"minecraft:oak_planks":68,"sophisticatedbackpacks:backpack":1,"minecraft:crafting_table":1,"minecraft:wooden_pickaxe":1,"minecraft:stone_axe":1,"minecraft:bread":45,"minecraft:cooked_mutton":2,"minecraft:air":0,"minecraft:oak_boat":2,"minecraft:diamond_pickaxe":1,"minecraft:shield":2,"minecraft:stick":28,"quark:oak_chest":1,"minecraft:iron_ingot":5,"minecraft:iron_pickaxe":1,"minecraft:stone_pickaxe":1,"minecraft:stone_sword":1,"minecraft:chest":1,"minecraft:wheat":128,"minecraft:torch":60},"minecraft:killed":{"minecraft:witch":1,"minecraft:spider":3,"minecraft:creeper":3,"minecraft:skeleton":3,"minecraft:sheep":18,"minecraft:pillager":2,"minecraft:zombie":10,"minecraft:cow":23},"minecraft:custom":{"minecraft:interact_with_smithing_table":2,"minecraft:interact_with_furnace":8,"minecraft:mob_kills":68,"tombstone:raider_killed":3,"minecraft:interact_with_crafting_table":13,"minecraft:open_barrel":11,"minecraft:time_since_death":15960,"minecraft:climb_one_cm":1304,"minecraft:time_since_rest":13561,"minecraft:waystone_activated":1,"minecraft:sprint_one_cm":324545,"minecraft:damage_taken":4291,"minecraft:walk_one_cm":176399,"minecraft:damage_blocked_by_shield":660,"minecraft:drop":40,"minecraft:damage_dealt":8908,"minecraft:interact_with_beacon":1,"minecraft:damage_dealt_absorbed":9,"minecraft:swim_one_cm":113757,"minecraft:fly_one_cm":755673,"minecraft:open_chest":8,"minecraft:crouch_one_cm":19266,"minecraft:play_time":119520,"tombstone:undead_killed":13,"minecraft:deaths":6,"minecraft:sneak_time":6105,"minecraft:walk_under_water_one_cm":19607,"minecraft:boat_one_cm":107736,"minecraft:interact_with_blast_furnace":2,"minecraft:jump":3191,"minecraft:walk_on_water_one_cm":20909,"minecraft:total_world_time":119520,"minecraft:fall_one_cm":93555}},"DataVersion":3465}