{"stats":{"minecraft:used":{"minecraft:stone_axe":1,"waystones:waystone":1,"minecraft:mutton":2,"minecraft:beef":2,"minecraft:crafting_table":2,"minecraft:wooden_pickaxe":59},"minecraft:mined":{"minecraft:oak_log":6,"minecraft:stone":58,"minecraft:crafting_table":2},"minecraft:broken":{"minecraft:wooden_pickaxe":1},"minecraft:picked_up":{"minecraft:crafting_table":2,"minecraft:tripwire_hook":4,"minecraft:leather":2,"minecraft:beef":3,"minecraft:oak_log":6,"minecraft:mutton":2,"minecraft:white_wool":2,"minecraft:cobblestone":58},"minecraft:crafted":{"minecraft:stone_sword":1,"minecraft:oak_planks":24,"minecraft:stone_axe":1,"minecraft:crafting_table":1,"minecraft:stick":8,"minecraft:stone_pickaxe":1,"minecraft:wooden_pickaxe":1},"minecraft:killed":{"minecraft:cow":1},"minecraft:custom":{"minecraft:time_since_rest":29520,"minecraft:waystone_activated":1,"minecraft:crouch_one_cm":13163,"minecraft:play_time":29520,"minecraft:sprint_one_cm":40732,"minecraft:damage_taken":10,"minecraft:walk_one_cm":55477,"minecraft:sneak_time":3735,"minecraft:walk_under_water_one_cm":2861,"minecraft:mob_kills":1,"minecraft:jump":374,"minecraft:damage_dealt":100,"minecraft:time_since_death":29520,"minecraft:walk_on_water_one_cm":379,"minecraft:interact_with_beacon":1,"minecraft:total_world_time":29520,"minecraft:interact_with_crafting_table":2,"minecraft:fall_one_cm":11185,"minecraft:fly_one_cm":122133}},"DataVersion":3465}