{"stats":{"minecraft:mined":{"minecraft:tall_grass":2},"minecraft:custom":{"minecraft:time_since_rest":26834,"minecraft:crouch_one_cm":6225,"minecraft:play_time":26834,"minecraft:sprint_one_cm":14320,"minecraft:damage_taken":70,"minecraft:walk_one_cm":44552,"minecraft:sneak_time":2184,"minecraft:walk_under_water_one_cm":6484,"minecraft:drop":1,"minecraft:jump":180,"minecraft:damage_dealt":10,"minecraft:time_since_death":26834,"minecraft:walk_on_water_one_cm":2835,"minecraft:total_world_time":26834,"minecraft:fall_one_cm":1594,"minecraft:fly_one_cm":170245},"minecraft:used":{"minecraft:big_dripleaf":1,"minecraft:soul_lantern":2,"minecraft:water_bucket":10,"minecraft:dark_oak_trapdoor":18,"minecraft:dirt":15,"minecraft:golden_carrot":2,"quark:oak_vertical_slab":50,"minecraft:lantern":2,"minecraft:oak_slab":83,"minecraft:deepslate_tile_stairs":47,"quark:ancient_planks":60,"minecraft:grass_block":6,"minecraft:oak_stairs":33,"quark:calcite_bricks_wall":22,"quark:spruce_post":19,"minecraft:chain":2,"quark:vertical_oak_planks":33,"minecraft:spruce_trapdoor":22},"minecraft:picked_up":{"minecraft:tripwire_hook":2,"minecraft:wheat_seeds":1},"minecraft:dropped":{"minecraft:tripwire_hook":4}},"DataVersion":3465}