{"stats":{"minecraft:used":{"minecraft:stone_sword":152,"minecraft:iron_shovel":26,"megamons:anistarite_rough_geode_block":4,"minecraft:flint_and_steel":1,"minecraft:spruce_planks":1,"minecraft:shield":23,"minecraft:netherrack":30,"minecraft:torch":19,"minecraft:dirt":20,"minecraft:mutton":3,"minecraft:lava_bucket":10,"minecraft:beef":20,"minecraft:soul_soil":1,"tombstone:gift":3,"minecraft:cooked_beef":15,"biomesoplenty:flesh":39,"minecraft:cooked_mutton":9,"minecraft:water_bucket":4,"minecraft:stone_pickaxe":61,"minecraft:oak_planks":1,"minecraft:wooden_pickaxe":59,"minecraft:diamond_axe":1,"minecraft:crafting_table":10,"waystones:waystone":1,"minecraft:diamond_pickaxe":61,"biomesoplenty:porous_flesh":4,"minecraft:bread":21,"minecraft:iron_pickaxe":128,"minecraft:gravel":17,"minecraft:stone_axe":163,"minecraft:cobblestone":18,"minecraft:bucket":15,"minecraft:oak_boat":3},"minecraft:killed_by":{"cobblemon:pokemon":4,"minecraft:creeper":2,"minecraft:pillager":1,"minecraft:skeleton":1,"minecraft:illusioner":2},"minecraft:mined":{"minecraft:diamond_ore":23,"minecraft:spruce_planks":1,"cobblemon:big_root":3,"megamons:crystal_shiny_stone_ore":1,"biomesoplenty:bush":2,"minecraft:grass_block":2,"megamons:crystal_water_stone_ore":1,"minecraft:soul_soil":1,"minecraft:hay_block":61,"minecraft:iron_ore":57,"minecraft:fire":5,"biomesoplenty:lavender":1,"minecraft:deepslate_lapis_ore":1,"biomesoplenty:flesh":41,"minecraft:deepslate_iron_ore":10,"cobblemon:nether_fire_stone_ore":2,"minecraft:stone":65,"megamons:tyranitarite_crystal_ore":1,"megamons:anistarite_rough_geode_block":4,"biomesoplenty:porous_flesh":4,"megamons:anistarite_geode_block":13,"minecraft:crafting_table":10,"minecraft:blast_furnace":3,"minecraft:calcite":1,"cobblemon:energy_root":1,"minecraft:tall_grass":9,"minecraft:deepslate_gold_ore":3,"minecraft:lapis_ore":2,"minecraft:sugar_cane":10,"minecraft:amethyst_block":2,"minecraft:warped_nylium":7,"minecraft:grass":88,"minecraft:coal_ore":72,"minecraft:oak_log":17,"minecraft:gravel":35,"minecraft:dirt":1,"minecraft:smooth_basalt":1,"minecraft:netherrack":31,"minecraft:gold_ore":7,"minecraft:oak_leaves":1},"minecraft:broken":{"minecraft:stone_sword":1,"minecraft:wooden_pickaxe":1,"minecraft:stone_axe":1},"minecraft:picked_up":{"minecraft:crafting_table":10,"minecraft:wheat":7,"biomesoplenty:flesh":39,"minecraft:amethyst_block":4,"minecraft:string":4,"minecraft:soul_soil":1,"minecraft:iron_leggings":1,"quark:music_disc_ocean":1,"minecraft:diamond_leggings":1,"minecraft:spruce_planks":1,"minecraft:beef":52,"minecraft:oak_boat":2,"minecraft:calcite":2,"cobblemon:big_root":3,"cobblemon:quick_ball":2,"minecraft:sugar_cane":8,"minecraft:stick":4,"minecraft:raw_iron":131,"minecraft:arrow":2,"minecraft:rotten_flesh":16,"megamons:raw_tyranitarite":1,"minecraft:diamond_boots":1,"minecraft:hay_block":61,"supplementaries:ash":10,"artifacts:panic_necklace":1,"minecraft:blaze_rod":7,"minecraft:cobblestone":74,"minecraft:mutton":25,"minecraft:white_wool":17,"biomesoplenty:lavender":2,"cobblemon:ultra_ball":4,"minecraft:tripwire_hook":4,"minecraft:leather":26,"minecraft:flint":1,"minecraft:oak_log":17,"minecraft:gunpowder":2,"megamons:anistarite_geode_block":13,"minecraft:lapis_lazuli":21,"minecraft:dirt":20,"minecraft:cooked_mutton":7,"stalwart_dungeons:blaze_armor_scrap":5,"minecraft:bone":2,"minecraft:wheat_seeds":11,"minecraft:raw_gold":10,"trials:ominous_bottle":1,"minecraft:glowstone_dust":1,"minecraft:smooth_basalt":1,"cobblemon:fire_stone":2,"cobblemon:dusk_ball":512,"cobblemon:shiny_stone":1,"minecraft:gravel":34,"biomesoplenty:porous_flesh":4,"minecraft:spruce_sapling":5,"minecraft:blast_furnace":3,"cobblemon:aspear_berry":4,"minecraft:spider_eye":11,"megamons:anistarite_rough_geode_block":4,"minecraft:diamond":23,"minecraft:gray_wool":1,"minecraft:netherrack":31,"cobblemon:water_stone":1,"cobblemon:energy_root":1,"minecraft:black_wool":2,"minecraft:coal":72},"minecraft:dropped":{"minecraft:enchanted_book":1,"minecraft:wheat_seeds":11,"biomesoplenty:lavender":2,"minecraft:crossbow":1,"minecraft:amethyst_block":4,"minecraft:gray_wool":1,"minecraft:iron_leggings":2,"minecraft:white_banner":1,"minecraft:raw_iron_block":8,"minecraft:spruce_sapling":8,"minecraft:smooth_basalt":2,"minecraft:bone":1,"cobblemon:big_root":3,"minecraft:raw_iron":154,"minecraft:rotten_flesh":14,"cobblemon:dusk_ball":512,"minecraft:glowstone_dust":1,"megamons:anistarite_geode_block":26,"supplementaries:ash":10,"minecraft:shield":1,"cobblemon:aspear_berry":4,"cobblemon:energy_root":1,"minecraft:spider_eye":10,"minecraft:arrow":1,"minecraft:stone_pickaxe":1,"minecraft:calcite":2,"minecraft:black_wool":2},"minecraft:crafted":{"minecraft:oak_planks":68,"minecraft:cooked_mutton":2,"minecraft:flint_and_steel":1,"minecraft:stone_pickaxe":1,"minecraft:chest":1,"sophisticatedbackpacks:iron_backpack":1,"minecraft:wheat":128,"minecraft:cooked_beef":15,"sophisticatedbackpacks:backpack":1,"minecraft:diamond_axe":1,"minecraft:crafting_table":1,"minecraft:wooden_pickaxe":1,"minecraft:bucket":1,"minecraft:stone_axe":1,"minecraft:bread":45,"minecraft:air":0,"minecraft:oak_boat":2,"minecraft:diamond_pickaxe":1,"minecraft:shield":2,"minecraft:stick":28,"quark:oak_chest":1,"minecraft:iron_ingot":15,"minecraft:iron_pickaxe":1,"minecraft:stone_sword":1,"minecraft:torch":60},"minecraft:killed":{"minecraft:witch":1,"minecraft:spider":4,"minecraft:skeleton":3,"stalwart_dungeons:reinforced_blaze":3,"minecraft:creeper":3,"minecraft:sheep":18,"minecraft:pillager":2,"minecraft:zombie":10,"minecraft:cow":23},"minecraft:custom":{"minecraft:interact_with_smithing_table":2,"minecraft:mob_kills":73,"minecraft:interact_with_crafting_table":19,"minecraft:open_barrel":11,"minecraft:time_since_death":861,"minecraft:climb_one_cm":1530,"minecraft:sprint_one_cm":395764,"minecraft:walk_one_cm":217317,"minecraft:damage_blocked_by_shield":1350,"minecraft:drop":54,"minecraft:damage_dealt_absorbed":9,"minecraft:talked_to_villager":1,"minecraft:play_time":149520,"minecraft:deaths":10,"minecraft:sneak_time":9392,"minecraft:walk_under_water_one_cm":19607,"minecraft:boat_one_cm":107736,"minecraft:jump":4009,"minecraft:interact_with_blast_furnace":3,"minecraft:walk_on_water_one_cm":21033,"minecraft:total_world_time":149520,"minecraft:interact_with_furnace":10,"tombstone:raider_killed":3,"minecraft:time_since_rest":1,"minecraft:waystone_activated":1,"minecraft:damage_taken":5969,"minecraft:damage_dealt":10078,"minecraft:interact_with_beacon":1,"minecraft:swim_one_cm":113811,"minecraft:fly_one_cm":928719,"minecraft:open_chest":8,"minecraft:crouch_one_cm":31099,"tombstone:undead_killed":13,"minecraft:fall_one_cm":120874}},"DataVersion":3465}