{"stats":{"minecraft:used":{"waystones:waystone":1,"minecraft:stone_sword":50,"minecraft:wooden_pickaxe":59,"minecraft:stone_axe":1,"minecraft:mutton":2,"minecraft:beef":9,"minecraft:crafting_table":2},"minecraft:mined":{"minecraft:crafting_table":2,"minecraft:grass":4,"minecraft:oak_log":6,"minecraft:tall_grass":6,"minecraft:stone":58},"minecraft:broken":{"minecraft:wooden_pickaxe":1},"minecraft:picked_up":{"minecraft:crafting_table":2,"minecraft:tripwire_hook":4,"minecraft:leather":14,"minecraft:oak_log":6,"minecraft:wheat_seeds":1,"minecraft:beef":19,"minecraft:gray_wool":1,"minecraft:black_wool":1,"minecraft:mutton":13,"minecraft:white_wool":8,"minecraft:cobblestone":58},"minecraft:crafted":{"minecraft:oak_planks":24,"minecraft:crafting_table":1,"minecraft:stick":8,"minecraft:wooden_pickaxe":1,"minecraft:stone_pickaxe":1,"minecraft:stone_sword":1,"minecraft:stone_axe":1},"minecraft:killed":{"minecraft:sheep":8,"minecraft:spider":1,"minecraft:cow":9},"minecraft:custom":{"minecraft:time_since_rest":41520,"minecraft:waystone_activated":1,"minecraft:sprint_one_cm":73298,"minecraft:damage_taken":50,"minecraft:walk_one_cm":72759,"minecraft:mob_kills":18,"minecraft:damage_dealt":1615,"minecraft:interact_with_beacon":1,"minecraft:interact_with_crafting_table":2,"minecraft:fly_one_cm":206457,"minecraft:crouch_one_cm":13446,"minecraft:play_time":41520,"minecraft:sneak_time":3869,"minecraft:walk_under_water_one_cm":2861,"minecraft:jump":686,"minecraft:walk_on_water_one_cm":379,"minecraft:time_since_death":41520,"minecraft:total_world_time":41520,"minecraft:fall_one_cm":22478}},"DataVersion":3465}