{"stats":{"minecraft:used":{"minecraft:wooden_pickaxe":28,"minecraft:salmon":1,"minecraft:cobblestone":7,"minecraft:beef":1,"minecraft:crafting_table":2},"minecraft:killed_by":{"cobblemon:pokemon":1,"minecraft:spider":1},"minecraft:mined":{"minecraft:tall_seagrass":1,"minecraft:kelp_plant":25,"minecraft:grass":3,"minecraft:coal_ore":5,"minecraft:grass_block":1,"minecraft:oak_log":7,"minecraft:cobblestone":2,"minecraft:stone":19,"minecraft:kelp":3,"minecraft:oak_leaves":1},"minecraft:picked_up":{"minecraft:crafting_table":1,"minecraft:salmon":1,"minecraft:leather":2,"minecraft:oak_log":6,"minecraft:dirt":1,"minecraft:bone":2,"minecraft:kelp":20,"minecraft:beef":1,"minecraft:coal":5,"minecraft:cobblestone":21},"minecraft:dropped":{"minecraft:dirt":1,"minecraft:kelp":20,"minecraft:bone":2},"minecraft:crafted":{"minecraft:oak_planks":28,"minecraft:crafting_table":1,"minecraft:stick":12,"minecraft:wooden_pickaxe":2},"minecraft:killed":{"cobblemon:pokemon":1,"minecraft:cow":1},"minecraft:custom":{"minecraft:time_since_rest":1,"minecraft:waystone_activated":1,"minecraft:sprint_one_cm":87726,"minecraft:damage_taken":599,"minecraft:walk_one_cm":43816,"minecraft:mob_kills":2,"minecraft:drop":23,"minecraft:damage_dealt":298,"minecraft:swim_one_cm":57403,"minecraft:interact_with_crafting_table":2,"minecraft:fly_one_cm":228774,"minecraft:crouch_one_cm":488,"minecraft:play_time":25689,"minecraft:deaths":2,"minecraft:sneak_time":177,"minecraft:walk_under_water_one_cm":11401,"minecraft:jump":794,"minecraft:walk_on_water_one_cm":6710,"minecraft:time_since_death":344,"minecraft:total_world_time":25689,"minecraft:fall_one_cm":21610}},"DataVersion":3465}