{"stats":{"minecraft:mined":{"minecraft:kelp":2,"minecraft:kelp_plant":6},"minecraft:picked_up":{"minecraft:kelp":5},"minecraft:custom":{"minecraft:jump":41,"minecraft:time_since_rest":1689,"minecraft:waystone_activated":1,"minecraft:sprint_one_cm":3903,"minecraft:play_time":1689,"minecraft:walk_on_water_one_cm":377,"minecraft:time_since_death":1689,"minecraft:walk_one_cm":1506,"minecraft:sneak_time":9,"minecraft:total_world_time":1689,"minecraft:walk_under_water_one_cm":656,"minecraft:swim_one_cm":9757,"minecraft:fly_one_cm":15033}},"DataVersion":3465}