{"stats":{"minecraft:used":{"minecraft:apple":1,"minecraft:stone_sword":21,"minecraft:oak_planks":2,"minecraft:wooden_pickaxe":28,"minecraft:salmon":1,"minecraft:dirt":1,"minecraft:cobblestone":13,"minecraft:beef":1,"minecraft:crafting_table":3,"minecraft:porkchop":2,"tombstone:gift":2},"minecraft:killed_by":{"cobblemon:pokemon":2,"minecraft:spider":2},"minecraft:mined":{"minecraft:tall_seagrass":1,"minecraft:kelp_plant":25,"minecraft:crafting_table":1,"minecraft:grass":3,"minecraft:coal_ore":5,"minecraft:grass_block":2,"minecraft:oak_log":7,"minecraft:dirt":1,"minecraft:cobblestone":2,"minecraft:stone":19,"minecraft:sugar_cane":2,"minecraft:kelp":3,"minecraft:oak_leaves":1},"minecraft:picked_up":{"minecraft:stick":4,"minecraft:crafting_table":2,"minecraft:salmon":1,"minecraft:leather":2,"minecraft:porkchop":7,"minecraft:oak_log":6,"minecraft:string":1,"minecraft:spider_eye":1,"minecraft:dirt":2,"minecraft:bone":2,"minecraft:apple":1,"minecraft:kelp":20,"minecraft:wheat_seeds":1,"minecraft:beef":1,"minecraft:oak_sapling":1,"minecraft:coal":5,"minecraft:cobblestone":21},"minecraft:dropped":{"minecraft:dirt":1,"minecraft:kelp":20,"minecraft:bone":2},"minecraft:crafted":{"minecraft:oak_planks":28,"minecraft:crafting_table":1,"minecraft:stick":20,"minecraft:wooden_pickaxe":2,"minecraft:stone_pickaxe":2,"minecraft:stone_sword":1,"minecraft:torch":20},"minecraft:killed":{"minecraft:pig":5,"cobblemon:pokemon":2,"minecraft:cow":1},"minecraft:custom":{"minecraft:time_since_rest":6042,"minecraft:waystone_activated":1,"minecraft:sprint_one_cm":109752,"minecraft:damage_taken":1395,"minecraft:walk_one_cm":56515,"minecraft:mob_kills":8,"minecraft:drop":23,"minecraft:damage_dealt":1039,"minecraft:swim_one_cm":78455,"minecraft:interact_with_crafting_table":4,"minecraft:fly_one_cm":320058,"minecraft:open_chest":1,"minecraft:crouch_one_cm":638,"minecraft:play_time":37689,"minecraft:deaths":4,"minecraft:sneak_time":263,"minecraft:walk_under_water_one_cm":12513,"minecraft:jump":1101,"minecraft:walk_on_water_one_cm":9837,"minecraft:time_since_death":6163,"minecraft:sleep_in_bed":1,"minecraft:total_world_time":37689,"minecraft:fall_one_cm":29021}},"DataVersion":3465}