{"stats":{"minecraft:used":{"minecraft:stone_sword":44,"minecraft:birch_planks":4,"minecraft:stone_pickaxe":27,"minecraft:oak_planks":2,"minecraft:wooden_pickaxe":28,"minecraft:salmon":1,"minecraft:sand":1,"minecraft:dirt":1,"minecraft:crafting_table":3,"minecraft:carrot":1,"minecraft:apple":1,"minecraft:melon_slice":2,"biomesoplenty:jacaranda_boat":1,"minecraft:fishing_rod":2,"minecraft:cobblestone":13,"minecraft:beef":1,"minecraft:porkchop":6,"minecraft:cooked_porkchop":3,"tombstone:gift":2,"quark:oak_chest":2,"minecraft:golden_axe":24},"minecraft:killed_by":{"cobblemon:pokemon":3,"minecraft:skeleton":4,"minecraft:spider":2},"minecraft:mined":{"minecraft:dark_oak_planks":2,"minecraft:kelp_plant":25,"minecraft:cobblestone_stairs":1,"farmersdelight:wild_carrots":1,"minecraft:crafting_table":1,"minecraft:grass_block":2,"minecraft:melon":10,"minecraft:tall_grass":4,"minecraft:copper_ore":5,"minecraft:cobblestone":2,"minecraft:kelp":3,"minecraft:sugar_cane":2,"minecraft:birch_planks":1,"minecraft:tall_seagrass":1,"biomesoplenty:jacaranda_log":4,"minecraft:grass":6,"minecraft:oak_log":24,"minecraft:coal_ore":10,"minecraft:sand":1,"minecraft:dirt":1,"cobblemon:green_apricorn":1,"minecraft:stone":20,"minecraft:white_wool":3,"minecraft:oak_leaves":1,"minecraft:fern":2},"minecraft:picked_up":{"minecraft:crafting_table":2,"minecraft:feather":2,"minecraft:chicken":3,"minecraft:salmon":5,"minecraft:leather":3,"minecraft:birch_planks":4,"minecraft:oak_log":22,"minecraft:cobblestone_stairs":1,"minecraft:dirt":2,"minecraft:string":1,"minecraft:raw_copper":21,"minecraft:white_carpet":1,"minecraft:bone":3,"minecraft:apple":1,"minecraft:kelp":20,"minecraft:wheat_seeds":2,"minecraft:beef":6,"cobblemon:oran_berry":5,"minecraft:melon_slice":42,"minecraft:stick":4,"biomesoplenty:jacaranda_boat":1,"minecraft:pink_carpet":1,"sophisticatedbackpacks:backpack":1,"minecraft:porkchop":8,"minecraft:sand":1,"cobblemon:persim_berry":12,"minecraft:carrot":1,"minecraft:spider_eye":1,"minecraft:dark_oak_planks":2,"biomesoplenty:jacaranda_log":4,"minecraft:oak_sapling":1,"minecraft:coal":10,"minecraft:white_wool":2,"minecraft:cobblestone":22},"minecraft:dropped":{"minecraft:kelp":20,"minecraft:dirt":1,"minecraft:bone":2},"minecraft:crafted":{"minecraft:oak_planks":92,"biomesoplenty:jacaranda_planks":16,"minecraft:cooked_porkchop":3,"biomesoplenty:jacaranda_boat":1,"minecraft:crafting_table":1,"minecraft:wooden_pickaxe":2,"minecraft:air":0,"minecraft:stick":20,"quark:oak_chest":2,"minecraft:stone_pickaxe":2,"minecraft:stone_sword":1,"minecraft:torch":20},"minecraft:killed":{"minecraft:pig":5,"cobblemon:pokemon":2,"minecraft:salmon":4,"minecraft:skeleton":1,"minecraft:chicken":3,"minecraft:cow":4},"minecraft:custom":{"minecraft:interact_with_furnace":5,"minecraft:mob_kills":19,"minecraft:interact_with_crafting_table":9,"minecraft:damage_dealt_resisted":21,"minecraft:time_since_death":529,"minecraft:sleep_in_bed":1,"minecraft:climb_one_cm":754,"minecraft:time_since_rest":293,"minecraft:waystone_activated":1,"minecraft:sprint_one_cm":235383,"minecraft:damage_taken":3406,"minecraft:walk_one_cm":86923,"minecraft:drop":23,"minecraft:damage_dealt":1593,"minecraft:swim_one_cm":132825,"minecraft:fly_one_cm":590732,"minecraft:open_chest":9,"minecraft:crouch_one_cm":638,"minecraft:play_time":67689,"tombstone:undead_killed":1,"minecraft:deaths":10,"minecraft:sneak_time":289,"minecraft:walk_under_water_one_cm":19092,"minecraft:boat_one_cm":107498,"minecraft:jump":2031,"minecraft:walk_on_water_one_cm":28146,"minecraft:total_world_time":67689,"minecraft:fall_one_cm":51434}},"DataVersion":3465}