{"stats":{"minecraft:used":{"minecraft:stone_sword":58,"tombstone:scroll_of_frost_resistance":1,"minecraft:birch_planks":4,"minecraft:stone_pickaxe":67,"minecraft:oak_planks":14,"minecraft:wooden_pickaxe":28,"minecraft:cooked_chicken":2,"minecraft:white_wool":3,"minecraft:salmon":1,"minecraft:torch":27,"minecraft:sand":1,"minecraft:dirt":1,"minecraft:crafting_table":3,"minecraft:carrot":1,"sophisticatedbackpacks:backpack":1,"minecraft:dark_oak_planks":6,"minecraft:apple":1,"minecraft:bread":1,"minecraft:melon_slice":11,"biomesoplenty:jacaranda_boat":1,"minecraft:fishing_rod":2,"minecraft:cobblestone":13,"minecraft:beef":3,"minecraft:porkchop":6,"minecraft:cooked_porkchop":3,"tombstone:gift":3,"quark:oak_chest":2,"minecraft:golden_axe":24},"minecraft:killed_by":{"minecraft:vindicator":1,"cobblemon:pokemon":3,"minecraft:skeleton":4,"minecraft:spider":2},"minecraft:mined":{"minecraft:dark_oak_planks":9,"minecraft:glass_pane":1,"minecraft:kelp_plant":25,"biomesoplenty:desert_grass":1,"minecraft:cobblestone_stairs":1,"farmersdelight:wild_carrots":1,"minecraft:dark_oak_log":1,"minecraft:torch":2,"minecraft:crafting_table":1,"minecraft:grass_block":2,"minecraft:melon":10,"minecraft:tall_grass":4,"minecraft:copper_ore":5,"minecraft:cobblestone":2,"minecraft:kelp":3,"minecraft:sugar_cane":2,"minecraft:birch_planks":1,"minecraft:tall_seagrass":1,"biomesoplenty:jacaranda_log":4,"minecraft:iron_ore":8,"minecraft:grass":6,"minecraft:oak_log":24,"minecraft:coal_ore":21,"minecraft:sand":1,"minecraft:dirt":1,"cobblemon:green_apricorn":1,"minecraft:stone":35,"sophisticatedbackpacks:backpack":1,"minecraft:white_wool":4,"minecraft:oak_leaves":1,"minecraft:fern":2},"minecraft:picked_up":{"minecraft:crafting_table":2,"minecraft:wheat":1,"minecraft:cooked_beef":8,"minecraft:feather":2,"minecraft:chicken":3,"minecraft:salmon":5,"minecraft:leather":7,"waystones:sandy_waystone":1,"minecraft:gold_block":2,"minecraft:birch_planks":9,"supplementaries:flax_seeds":1,"minecraft:oak_log":22,"minecraft:cobblestone_stairs":1,"minecraft:dirt":2,"minecraft:string":1,"cobblemon:pink_apricorn_seed":1,"minecraft:raw_copper":42,"minecraft:purple_carpet":1,"minecraft:white_carpet":1,"minecraft:red_carpet":5,"minecraft:bone":3,"minecraft:apple":1,"minecraft:kelp":20,"minecraft:wheat_seeds":4,"minecraft:iron_ingot":1,"minecraft:cooked_chicken":1,"minecraft:beef":10,"cobblemon:oran_berry":5,"minecraft:melon_slice":42,"minecraft:oak_planks":6,"minecraft:raw_iron":8,"cobblemon:apricorn_planks":12,"cobblemon:net_ball":32,"minecraft:stick":4,"minecraft:copper_ingot":9,"biomesoplenty:jacaranda_boat":1,"minecraft:torch":2,"cobblemon:shiny_stone":1,"cobblemon:dusk_ball":32,"minecraft:pink_carpet":2,"sophisticatedbackpacks:backpack":2,"minecraft:porkchop":8,"minecraft:sand":1,"cobblemon:persim_berry":12,"minecraft:carrot":1,"minecraft:dark_oak_log":1,"minecraft:spider_eye":1,"minecraft:dark_oak_planks":8,"biomesoplenty:jacaranda_log":4,"cobblemon:poke_ball":19,"minecraft:melon_seeds":2,"minecraft:oak_sapling":1,"minecraft:coal":18,"minecraft:white_wool":5,"minecraft:cobblestone":33},"minecraft:dropped":{"minecraft:kelp":20,"minecraft:wheat_seeds":2,"minecraft:cooked_chicken":1,"supplementaries:flax_seeds":1,"minecraft:dirt":1,"tombstone:grave_key":4,"minecraft:melon_seeds":2,"minecraft:bone":2},"minecraft:crafted":{"minecraft:oak_planks":92,"biomesoplenty:jacaranda_planks":16,"minecraft:cooked_porkchop":3,"biomesoplenty:jacaranda_boat":1,"minecraft:crafting_table":1,"minecraft:cooked_chicken":2,"minecraft:wooden_pickaxe":2,"minecraft:copper_ingot":3,"minecraft:bread":1,"minecraft:air":0,"minecraft:stick":28,"quark:oak_chest":2,"minecraft:iron_ingot":1,"minecraft:stone_pickaxe":2,"minecraft:stone_sword":1,"minecraft:torch":52},"minecraft:killed":{"minecraft:pig":5,"cobblemon:pokemon":2,"minecraft:salmon":4,"minecraft:spider":1,"minecraft:skeleton":1,"minecraft:zombie":1,"minecraft:chicken":3,"minecraft:cow":6},"minecraft:custom":{"minecraft:interact_with_furnace":14,"minecraft:mob_kills":23,"minecraft:interact_with_crafting_table":15,"minecraft:damage_dealt_resisted":21,"minecraft:time_since_death":21031,"minecraft:sleep_in_bed":1,"minecraft:climb_one_cm":850,"minecraft:time_since_rest":20871,"minecraft:waystone_activated":1,"minecraft:sprint_one_cm":318818,"minecraft:damage_taken":4326,"minecraft:walk_one_cm":136948,"minecraft:drop":32,"minecraft:damage_dealt":2183,"tombstone:cast_on_ally":1,"minecraft:swim_one_cm":134736,"minecraft:fly_one_cm":703695,"minecraft:open_chest":23,"minecraft:crouch_one_cm":1445,"minecraft:play_time":91689,"tombstone:undead_killed":2,"minecraft:deaths":12,"minecraft:sneak_time":879,"minecraft:walk_under_water_one_cm":19190,"minecraft:boat_one_cm":107498,"minecraft:jump":2446,"minecraft:walk_on_water_one_cm":32178,"minecraft:total_world_time":91689,"minecraft:fall_one_cm":62738}},"DataVersion":3465}