{"stats":{"minecraft:used":{"minecraft:apple":1,"minecraft:stone_sword":22,"minecraft:stone_pickaxe":6,"minecraft:oak_planks":2,"minecraft:wooden_pickaxe":28,"minecraft:salmon":1,"minecraft:dirt":1,"minecraft:cobblestone":13,"minecraft:beef":1,"minecraft:crafting_table":3,"minecraft:cooked_porkchop":2,"minecraft:porkchop":6,"tombstone:gift":2},"minecraft:killed_by":{"cobblemon:pokemon":3,"minecraft:spider":2},"minecraft:mined":{"minecraft:tall_seagrass":1,"minecraft:kelp_plant":25,"minecraft:crafting_table":1,"minecraft:grass":3,"minecraft:coal_ore":5,"minecraft:grass_block":2,"minecraft:oak_log":7,"minecraft:melon":1,"minecraft:dirt":1,"minecraft:copper_ore":5,"minecraft:cobblestone":2,"minecraft:stone":19,"minecraft:sugar_cane":2,"minecraft:kelp":3,"minecraft:oak_leaves":1},"minecraft:picked_up":{"minecraft:stick":4,"minecraft:crafting_table":2,"minecraft:feather":2,"minecraft:chicken":1,"minecraft:salmon":1,"minecraft:leather":2,"minecraft:porkchop":8,"minecraft:oak_log":6,"cobblemon:persim_berry":12,"minecraft:string":1,"minecraft:spider_eye":1,"minecraft:dirt":2,"minecraft:raw_copper":21,"minecraft:bone":2,"minecraft:apple":1,"minecraft:kelp":20,"minecraft:wheat_seeds":1,"minecraft:beef":1,"cobblemon:oran_berry":5,"minecraft:oak_sapling":1,"minecraft:melon_slice":5,"minecraft:coal":5,"minecraft:cobblestone":21},"minecraft:dropped":{"minecraft:dirt":1,"minecraft:kelp":20,"minecraft:bone":2},"minecraft:crafted":{"minecraft:oak_planks":28,"minecraft:cooked_porkchop":3,"minecraft:crafting_table":1,"minecraft:stick":20,"minecraft:wooden_pickaxe":2,"minecraft:stone_pickaxe":2,"minecraft:stone_sword":1,"minecraft:torch":20,"minecraft:air":0},"minecraft:killed":{"minecraft:pig":5,"cobblemon:pokemon":2,"minecraft:chicken":1,"minecraft:cow":1},"minecraft:custom":{"minecraft:time_since_rest":2827,"minecraft:interact_with_furnace":5,"minecraft:waystone_activated":1,"minecraft:sprint_one_cm":148932,"minecraft:damage_taken":1811,"minecraft:walk_one_cm":62843,"minecraft:mob_kills":9,"minecraft:drop":23,"minecraft:damage_dealt":1079,"minecraft:swim_one_cm":95363,"minecraft:interact_with_crafting_table":4,"minecraft:fly_one_cm":486712,"minecraft:open_chest":1,"minecraft:crouch_one_cm":638,"minecraft:play_time":49689,"minecraft:deaths":5,"minecraft:sneak_time":289,"minecraft:walk_under_water_one_cm":12816,"minecraft:jump":1618,"minecraft:walk_on_water_one_cm":16478,"minecraft:time_since_death":5226,"minecraft:climb_one_cm":24,"minecraft:sleep_in_bed":1,"minecraft:total_world_time":49689,"minecraft:fall_one_cm":39959}},"DataVersion":3465}