{"stats":{"minecraft:used":{"minecraft:stone_sword":58,"tombstone:scroll_of_frost_resistance":1,"minecraft:iron_sword":6,"minecraft:cooked_chicken":2,"minecraft:iron_chestplate":1,"minecraft:torch":56,"minecraft:dirt":1,"minecraft:carrot":1,"minecraft:dark_oak_planks":6,"minecraft:iron_axe":2,"minecraft:beef":3,"minecraft:furnace":1,"tombstone:gift":3,"minecraft:iron_leggings":1,"minecraft:golden_axe":24,"minecraft:diorite":1,"minecraft:birch_planks":4,"minecraft:stone_pickaxe":68,"minecraft:oak_planks":14,"minecraft:wooden_pickaxe":28,"minecraft:salmon":1,"minecraft:white_wool":3,"minecraft:sand":1,"minecraft:crafting_table":3,"minecraft:dripstone_block":4,"sophisticatedbackpacks:backpack":3,"minecraft:apple":1,"minecraft:melon_slice":27,"minecraft:bread":1,"minecraft:iron_pickaxe":42,"biomesoplenty:jacaranda_boat":1,"minecraft:fishing_rod":2,"minecraft:cobblestone":13,"minecraft:cooked_porkchop":3,"minecraft:porkchop":6,"quark:oak_chest":2},"minecraft:killed_by":{"cobblemon:pokemon":3,"minecraft:spider":2,"minecraft:vindicator":1,"minecraft:skeleton":4},"minecraft:mined":{"minecraft:dark_oak_planks":9,"minecraft:cobblestone_stairs":1,"farmersdelight:wild_carrots":1,"biomesoplenty:desert_grass":1,"minecraft:dark_oak_log":1,"minecraft:grass_block":2,"minecraft:kelp":3,"minecraft:tall_seagrass":1,"biomesoplenty:jacaranda_log":4,"minecraft:iron_ore":27,"cobblemon:green_apricorn":1,"minecraft:stone":45,"sophisticatedbackpacks:backpack":1,"minecraft:white_wool":4,"minecraft:glass_pane":1,"minecraft:kelp_plant":25,"botania:lime_mushroom":1,"minecraft:crafting_table":1,"minecraft:torch":2,"minecraft:melon":10,"minecraft:copper_ore":5,"minecraft:tall_grass":4,"minecraft:cobblestone":2,"minecraft:sugar_cane":2,"minecraft:diorite":1,"minecraft:wall_torch":1,"supplementaries:urn":3,"minecraft:birch_planks":1,"minecraft:grass":6,"minecraft:coal_ore":22,"minecraft:oak_log":24,"minecraft:sand":1,"minecraft:dripstone_block":9,"minecraft:dirt":1,"biomesoplenty:stringy_cobweb":1,"minecraft:oak_leaves":1,"minecraft:fern":2},"minecraft:picked_up":{"minecraft:crafting_table":2,"minecraft:wheat":1,"minecraft:chicken":3,"minecraft:gold_block":2,"minecraft:string":3,"minecraft:raw_copper":42,"minecraft:white_carpet":1,"minecraft:beef":10,"cobblemon:oran_berry":5,"minecraft:melon_slice":42,"minecraft:stick":4,"minecraft:raw_iron":29,"cobblemon:net_ball":32,"minecraft:copper_ingot":9,"minecraft:torch":14,"minecraft:pink_carpet":2,"sophisticatedbackpacks:backpack":2,"minecraft:porkchop":8,"minecraft:diorite":1,"minecraft:carrot":1,"minecraft:dark_oak_planks":8,"minecraft:rotten_flesh":1,"biomesoplenty:jacaranda_log":4,"supplementaries:ash":8,"minecraft:white_wool":5,"minecraft:cobblestone":43,"minecraft:feather":2,"minecraft:cooked_beef":8,"minecraft:andesite":2,"minecraft:salmon":5,"minecraft:leather":7,"minecraft:birch_planks":9,"waystones:sandy_waystone":1,"minecraft:oak_log":22,"supplementaries:flax_seeds":3,"minecraft:cobblestone_stairs":1,"minecraft:dirt":2,"cobblemon:pink_apricorn_seed":1,"minecraft:purple_carpet":1,"minecraft:red_carpet":5,"minecraft:bone":3,"minecraft:apple":1,"minecraft:kelp":20,"minecraft:wheat_seeds":4,"minecraft:iron_ingot":1,"minecraft:cooked_chicken":1,"minecraft:oak_planks":6,"cobblemon:apricorn_planks":12,"biomesoplenty:jacaranda_boat":1,"cobblemon:dusk_ball":32,"cobblemon:shiny_stone":1,"minecraft:dripstone_block":4,"minecraft:sand":1,"cobblemon:persim_berry":12,"botania:lime_mushroom":1,"minecraft:dark_oak_log":1,"minecraft:spider_eye":1,"minecraft:diamond":7,"cobblemon:poke_ball":19,"minecraft:oak_sapling":1,"minecraft:melon_seeds":2,"minecraft:coal":21},"minecraft:dropped":{"minecraft:wheat_seeds":2,"minecraft:dirt":1,"tombstone:grave_key":4,"minecraft:bone":2,"minecraft:kelp":20,"minecraft:cooked_chicken":1,"supplementaries:flax_seeds":1,"minecraft:melon_seeds":2},"minecraft:crafted":{"minecraft:oak_planks":92,"minecraft:cooked_chicken":2,"minecraft:furnace":1,"minecraft:iron_axe":1,"minecraft:stone_pickaxe":2,"biomesoplenty:jacaranda_planks":16,"minecraft:cooked_porkchop":3,"biomesoplenty:jacaranda_boat":1,"minecraft:crafting_table":1,"minecraft:wooden_pickaxe":2,"minecraft:iron_sword":1,"minecraft:copper_ingot":37,"minecraft:bread":1,"minecraft:air":0,"minecraft:iron_chestplate":1,"minecraft:stick":44,"quark:oak_chest":2,"minecraft:iron_ingot":29,"minecraft:iron_pickaxe":1,"minecraft:stone_sword":1,"minecraft:iron_leggings":1,"minecraft:torch":96},"minecraft:killed":{"minecraft:spider":2,"minecraft:skeleton":1,"minecraft:chicken":3,"minecraft:pig":5,"cobblemon:pokemon":2,"minecraft:salmon":4,"minecraft:zombie":2,"minecraft:cow":6},"minecraft:custom":{"minecraft:mob_kills":25,"minecraft:interact_with_crafting_table":25,"minecraft:damage_dealt_resisted":21,"minecraft:leave_game":1,"minecraft:time_since_death":34675,"minecraft:climb_one_cm":940,"minecraft:sprint_one_cm":337675,"minecraft:walk_one_cm":163390,"minecraft:drop":32,"minecraft:play_time":105333,"minecraft:deaths":12,"minecraft:sneak_time":1170,"minecraft:walk_under_water_one_cm":29170,"minecraft:boat_one_cm":107498,"minecraft:jump":2572,"minecraft:walk_on_water_one_cm":34877,"minecraft:total_world_time":105333,"minecraft:interact_with_furnace":40,"minecraft:sleep_in_bed":2,"minecraft:time_since_rest":10756,"minecraft:waystone_activated":1,"minecraft:damage_taken":4638,"minecraft:damage_dealt":2476,"tombstone:cast_on_ally":1,"minecraft:swim_one_cm":135537,"minecraft:fly_one_cm":722986,"minecraft:open_chest":47,"minecraft:crouch_one_cm":2190,"tombstone:undead_killed":3,"minecraft:fall_one_cm":65706}},"DataVersion":3465}