{"stats":{"minecraft:used":{"minecraft:stone_sword":58,"tombstone:scroll_of_frost_resistance":1,"minecraft:iron_sword":21,"minecraft:cooked_chicken":2,"minecraft:iron_chestplate":1,"minecraft:torch":70,"minecraft:dirt":1,"minecraft:carrot":1,"minecraft:dark_oak_planks":6,"minecraft:iron_axe":2,"minecraft:beef":3,"minecraft:furnace":1,"tombstone:gift":3,"minecraft:cobbled_deepslate":18,"minecraft:golden_axe":24,"minecraft:iron_leggings":1,"minecraft:water_bucket":2,"minecraft:diorite":1,"minecraft:birch_planks":4,"minecraft:stone_pickaxe":68,"minecraft:oak_planks":14,"minecraft:wooden_pickaxe":28,"minecraft:white_wool":3,"minecraft:salmon":1,"minecraft:sand":1,"minecraft:crafting_table":3,"minecraft:dripstone_block":4,"sophisticatedbackpacks:backpack":3,"minecraft:apple":1,"minecraft:melon_slice":40,"minecraft:bread":1,"minecraft:iron_pickaxe":91,"biomesoplenty:jacaranda_boat":1,"minecraft:fishing_rod":2,"minecraft:cobblestone":19,"minecraft:cooked_porkchop":3,"minecraft:porkchop":6,"minecraft:bucket":3,"quark:oak_chest":2},"minecraft:killed_by":{"cobblemon:pokemon":4,"minecraft:creeper":1,"minecraft:spider":2,"minecraft:vindicator":1,"minecraft:skeleton":5},"minecraft:mined":{"minecraft:dark_oak_planks":9,"minecraft:cobblestone_stairs":1,"farmersdelight:wild_carrots":1,"biomesoplenty:desert_grass":1,"minecraft:dark_oak_log":1,"minecraft:grass_block":2,"minecraft:kelp":3,"minecraft:tall_seagrass":1,"biomesoplenty:jacaranda_log":4,"minecraft:iron_ore":29,"minecraft:cobbled_deepslate":2,"minecraft:deepslate_lapis_ore":2,"cobblemon:green_apricorn":1,"minecraft:stone":53,"sophisticatedbackpacks:backpack":1,"minecraft:white_wool":4,"minecraft:glass_pane":1,"minecraft:kelp_plant":25,"botania:lime_mushroom":1,"minecraft:crafting_table":1,"minecraft:torch":3,"minecraft:melon":10,"minecraft:tall_grass":4,"minecraft:copper_ore":5,"minecraft:cobblestone":2,"minecraft:deepslate_gold_ore":5,"minecraft:sugar_cane":2,"minecraft:diorite":1,"minecraft:wall_torch":1,"supplementaries:urn":17,"minecraft:birch_planks":1,"minecraft:grass":6,"minecraft:oak_log":24,"minecraft:coal_ore":22,"minecraft:dripstone_block":9,"minecraft:sand":1,"minecraft:dirt":1,"biomesoplenty:stringy_cobweb":1,"minecraft:cobweb":1,"minecraft:gold_ore":1,"minecraft:oak_leaves":1,"minecraft:deepslate":16,"minecraft:fern":2},"minecraft:picked_up":{"minecraft:crafting_table":2,"minecraft:wheat":1,"minecraft:chicken":3,"minecraft:gold_block":2,"minecraft:string":4,"minecraft:raw_copper":42,"minecraft:white_carpet":1,"minecraft:gold_nugget":30,"minecraft:cobbled_deepslate":18,"minecraft:beef":10,"cobblemon:oran_berry":5,"minecraft:iron_nugget":19,"minecraft:melon_slice":42,"cobblemon:net_ball":32,"minecraft:stick":4,"minecraft:raw_iron":36,"minecraft:copper_ingot":9,"minecraft:torch":33,"minecraft:pink_carpet":2,"sophisticatedbackpacks:backpack":2,"minecraft:porkchop":8,"minecraft:diorite":1,"minecraft:carrot":1,"minecraft:dark_oak_planks":8,"minecraft:arrow":1,"minecraft:rotten_flesh":1,"biomesoplenty:jacaranda_log":4,"supplementaries:antique_ink":8,"supplementaries:ash":17,"minecraft:white_wool":5,"minecraft:cobblestone":51,"minecraft:cooked_beef":8,"minecraft:feather":2,"minecraft:salmon":5,"minecraft:andesite":2,"minecraft:leather":7,"minecraft:birch_planks":9,"waystones:sandy_waystone":1,"minecraft:oak_log":22,"supplementaries:flax_seeds":7,"minecraft:cobblestone_stairs":1,"minecraft:lapis_lazuli":15,"minecraft:dirt":2,"cobblemon:pink_apricorn_seed":1,"minecraft:purple_carpet":1,"minecraft:bone":9,"minecraft:red_carpet":5,"minecraft:apple":1,"minecraft:kelp":20,"minecraft:wheat_seeds":4,"minecraft:raw_gold":6,"minecraft:iron_ingot":1,"minecraft:cooked_chicken":1,"minecraft:oak_planks":6,"cobblemon:apricorn_planks":12,"biomesoplenty:jacaranda_boat":1,"cobblemon:shiny_stone":1,"cobblemon:dusk_ball":32,"minecraft:dripstone_block":4,"minecraft:sand":1,"cobblemon:persim_berry":12,"botania:lime_mushroom":1,"minecraft:dark_oak_log":1,"minecraft:spider_eye":1,"minecraft:diamond":7,"cobblemon:poke_ball":19,"minecraft:oak_sapling":1,"minecraft:melon_seeds":2,"minecraft:coal":21},"minecraft:dropped":{"minecraft:wheat_seeds":2,"minecraft:dirt":1,"tombstone:grave_key":4,"minecraft:bone":2,"minecraft:kelp":20,"minecraft:cooked_chicken":1,"supplementaries:flax_seeds":3,"minecraft:andesite":2,"minecraft:melon_seeds":2},"minecraft:crafted":{"minecraft:oak_planks":92,"minecraft:cooked_chicken":2,"minecraft:furnace":1,"minecraft:iron_axe":1,"minecraft:stone_pickaxe":2,"biomesoplenty:jacaranda_planks":16,"minecraft:cooked_porkchop":3,"biomesoplenty:jacaranda_boat":1,"minecraft:crafting_table":1,"minecraft:wooden_pickaxe":2,"minecraft:iron_sword":1,"minecraft:copper_ingot":37,"minecraft:bread":1,"minecraft:air":0,"minecraft:iron_chestplate":1,"minecraft:stick":44,"quark:oak_chest":2,"minecraft:iron_ingot":29,"minecraft:iron_pickaxe":1,"minecraft:stone_sword":1,"minecraft:iron_leggings":1,"minecraft:torch":96},"minecraft:killed":{"minecraft:spider":2,"minecraft:skeleton":2,"minecraft:chicken":3,"minecraft:pig":5,"cobblemon:pokemon":2,"minecraft:salmon":4,"minecraft:zombie":2,"minecraft:cow":6},"minecraft:custom":{"minecraft:mob_kills":26,"minecraft:interact_with_crafting_table":25,"minecraft:damage_dealt_resisted":21,"minecraft:leave_game":2,"minecraft:time_since_death":2651,"minecraft:climb_one_cm":940,"minecraft:sprint_one_cm":373019,"minecraft:walk_one_cm":188748,"minecraft:drop":34,"minecraft:play_time":117270,"minecraft:deaths":15,"minecraft:sneak_time":1772,"minecraft:walk_under_water_one_cm":35717,"minecraft:boat_one_cm":107498,"minecraft:jump":2811,"minecraft:walk_on_water_one_cm":38058,"minecraft:total_world_time":117270,"minecraft:interact_with_furnace":40,"minecraft:sleep_in_bed":2,"minecraft:time_since_rest":2399,"minecraft:waystone_activated":1,"minecraft:damage_taken":5570,"minecraft:damage_dealt":2676,"tombstone:cast_on_ally":1,"minecraft:swim_one_cm":138344,"minecraft:fly_one_cm":756611,"minecraft:open_chest":48,"minecraft:crouch_one_cm":3952,"tombstone:undead_killed":4,"minecraft:fall_one_cm":72816}},"DataVersion":3465}