{"stats":{"minecraft:used":{"minecraft:wooden_pickaxe":57,"minecraft:stone_axe":30,"minecraft:crafting_table":2,"minecraft:furnace":1},"minecraft:mined":{"minecraft:crafting_table":1,"minecraft:grass":5,"minecraft:grass_block":4,"minecraft:oak_log":27,"minecraft:dirt":11,"minecraft:tall_grass":6,"minecraft:stone":57,"cobblemon:oran_berry":5},"minecraft:picked_up":{"minecraft:crafting_table":1,"cobblemon:cheri_berry":17,"minecraft:oak_log":27,"cobblemon:pink_apricorn":5,"minecraft:dirt":17,"minecraft:kelp":10,"minecraft:wheat_seeds":3,"cobblemon:oran_berry":28,"minecraft:mutton":7,"minecraft:white_wool":5,"minecraft:cobblestone":57},"minecraft:dropped":{"minecraft:dirt":2,"minecraft:kelp":10,"minecraft:wheat_seeds":3},"minecraft:crafted":{"minecraft:oak_planks":24,"minecraft:crafting_table":1,"minecraft:stick":16,"minecraft:wooden_pickaxe":1,"minecraft:stone_pickaxe":1,"minecraft:furnace":1,"minecraft:stone_axe":1},"minecraft:killed":{"minecraft:sheep":3,"cobblemon:pokemon":1},"minecraft:custom":{"minecraft:time_since_rest":25855,"minecraft:waystone_activated":1,"minecraft:interact_with_furnace":1,"minecraft:sprint_one_cm":27982,"minecraft:walk_one_cm":69111,"minecraft:mob_kills":4,"minecraft:drop":15,"minecraft:damage_dealt":406,"minecraft:interact_with_crafting_table":3,"minecraft:fly_one_cm":36742,"minecraft:crouch_one_cm":2073,"minecraft:play_time":25855,"minecraft:sneak_time":1102,"minecraft:jump":313,"minecraft:leave_game":2,"minecraft:time_since_death":25855,"minecraft:walk_on_water_one_cm":274,"minecraft:total_world_time":25855,"minecraft:fall_one_cm":4527}},"DataVersion":3465}