{"stats":{"minecraft:used":{"minecraft:cooked_mutton":2,"minecraft:stone_pickaxe":3,"minecraft:wooden_pickaxe":57,"minecraft:stone_axe":67,"minecraft:dirt":47,"minecraft:crafting_table":2,"minecraft:oak_sapling":1,"minecraft:furnace":1,"minecraft:white_bed":1},"minecraft:mined":{"minecraft:furnace":1,"minecraft:birch_log":13,"minecraft:birch_leaves":10,"cobblemon:medicinal_leek":5,"minecraft:crafting_table":2,"minecraft:grass":5,"minecraft:grass_block":11,"minecraft:oak_log":42,"supplementaries:wild_flax":1,"minecraft:dirt":39,"minecraft:tall_grass":6,"minecraft:stone":57,"cobblemon:oran_berry":5,"minecraft:oak_leaves":1},"minecraft:picked_up":{"minecraft:stick":1,"minecraft:birch_log":13,"minecraft:crafting_table":2,"cobblemon:black_apricorn_seed":2,"cobblemon:cheri_berry":17,"supplementaries:flax_seeds":1,"minecraft:oak_log":42,"cobblemon:pink_apricorn":5,"minecraft:dirt":49,"minecraft:arrow":1,"minecraft:kelp":10,"cobblemon:black_apricorn":5,"minecraft:wheat_seeds":3,"cobblemon:oran_berry":28,"cobblemon:medicinal_leek":13,"minecraft:oak_sapling":1,"minecraft:birch_sapling":2,"minecraft:mutton":7,"minecraft:white_wool":5,"minecraft:cobblestone":57,"minecraft:furnace":1},"minecraft:dropped":{"minecraft:dirt":2,"minecraft:kelp":10,"minecraft:wheat_seeds":3,"supplementaries:flax_seeds":1},"minecraft:crafted":{"minecraft:oak_planks":88,"minecraft:charcoal":19,"minecraft:crafting_table":1,"minecraft:stick":16,"minecraft:wooden_pickaxe":1,"minecraft:stone_pickaxe":1,"minecraft:furnace":1,"minecraft:white_bed":1,"minecraft:stone_axe":1,"minecraft:cooked_mutton":7},"minecraft:killed":{"minecraft:skeleton":1,"minecraft:sheep":3,"cobblemon:pokemon":1},"minecraft:custom":{"minecraft:time_since_rest":4986,"minecraft:waystone_activated":1,"minecraft:interact_with_furnace":7,"minecraft:sprint_one_cm":35788,"minecraft:damage_taken":294,"minecraft:walk_one_cm":105783,"minecraft:mob_kills":5,"minecraft:drop":16,"minecraft:damage_dealt":752,"minecraft:interact_with_crafting_table":7,"minecraft:fly_one_cm":42366,"minecraft:crouch_one_cm":2176,"minecraft:play_time":37855,"tombstone:undead_killed":1,"minecraft:sneak_time":1254,"minecraft:walk_under_water_one_cm":2644,"minecraft:jump":421,"minecraft:leave_game":2,"minecraft:time_since_death":37855,"minecraft:walk_on_water_one_cm":2030,"minecraft:sleep_in_bed":1,"minecraft:total_world_time":37855,"minecraft:fall_one_cm":5212}},"DataVersion":3465}