{"stats":{"minecraft:used":{"minecraft:cooked_mutton":3,"minecraft:rabbit":1,"minecraft:stone_pickaxe":8,"minecraft:wooden_pickaxe":57,"minecraft:white_wool":2,"minecraft:dirt":50,"minecraft:crafting_table":2,"minecraft:white_bed":1,"minecraft:stone_axe":120,"minecraft:furnace":1,"minecraft:oak_sapling":1,"tombstone:gift":2},"minecraft:killed_by":{"cobblemon:pokemon":1},"minecraft:mined":{"minecraft:white_bed":1,"farmersdelight:wild_carrots":12,"minecraft:crafting_table":2,"minecraft:grass_block":13,"cobblemon:wepear_berry":1,"supplementaries:wild_flax":1,"minecraft:tall_grass":6,"minecraft:sugar_cane":1,"cobblemon:oran_berry":5,"minecraft:furnace":1,"minecraft:birch_log":33,"minecraft:birch_leaves":10,"cobblemon:medicinal_leek":5,"minecraft:grass":7,"minecraft:oak_log":42,"biomesoplenty:redwood_leaves":3,"minecraft:dirt":40,"cobblemon:passho_berry":1,"minecraft:stone":57,"biomesoplenty:redwood_wood":29,"minecraft:oak_leaves":1},"minecraft:broken":{"minecraft:stone_axe":1},"minecraft:picked_up":{"minecraft:birch_log":33,"minecraft:crafting_table":2,"cobblemon:red_apricorn":4,"minecraft:oak_log":42,"supplementaries:flax_seeds":1,"minecraft:dirt":52,"cobblemon:passho_berry":7,"minecraft:kelp":10,"minecraft:wheat_seeds":3,"cobblemon:black_apricorn":5,"minecraft:rabbit_hide":1,"cobblemon:oran_berry":46,"cobblemon:relic_coin":31,"minecraft:rabbit":1,"biomesoplenty:redwood_wood":27,"minecraft:sugar_cane":2,"minecraft:birch_sapling":2,"minecraft:furnace":1,"cobblemon:chilan_berry":1,"minecraft:stick":1,"cobblemon:black_apricorn_seed":2,"cobblemon:cheri_berry":17,"cobblemon:pink_apricorn":5,"minecraft:white_bed":1,"minecraft:carrot":12,"minecraft:arrow":1,"biomesoplenty:redwood_sapling":2,"cobblemon:medicinal_leek":13,"minecraft:oak_sapling":1,"minecraft:mutton":7,"minecraft:white_wool":5,"minecraft:cobblestone":57},"minecraft:dropped":{"minecraft:kelp":10,"minecraft:wheat_seeds":3,"biomesoplenty:redwood_sapling":2,"cobblemon:chilan_berry":1,"supplementaries:flax_seeds":1,"minecraft:dirt":2,"tombstone:grave_dust":1},"minecraft:crafted":{"minecraft:oak_planks":88,"minecraft:crafting_table":1,"minecraft:wooden_pickaxe":1,"minecraft:furnace":1,"minecraft:birch_planks":52,"minecraft:stone_axe":1,"minecraft:cooked_mutton":7,"minecraft:charcoal":19,"minecraft:stick":16,"minecraft:stone_pickaxe":1,"minecraft:white_bed":1},"minecraft:killed":{"cobblemon:pokemon":2,"minecraft:sheep":3,"minecraft:skeleton":1},"minecraft:custom":{"minecraft:interact_with_furnace":7,"minecraft:mob_kills":7,"minecraft:interact_with_crafting_table":7,"minecraft:leave_game":2,"minecraft:time_since_death":11587,"minecraft:sleep_in_bed":1,"minecraft:time_since_rest":11555,"minecraft:waystone_activated":1,"minecraft:sprint_one_cm":55839,"minecraft:damage_taken":488,"minecraft:walk_one_cm":154235,"minecraft:drop":20,"minecraft:damage_dealt":1178,"minecraft:fly_one_cm":60278,"minecraft:crouch_one_cm":2176,"minecraft:play_time":49855,"tombstone:undead_killed":1,"minecraft:deaths":1,"minecraft:sneak_time":1497,"minecraft:walk_under_water_one_cm":4062,"minecraft:jump":577,"minecraft:walk_on_water_one_cm":8330,"minecraft:total_world_time":49855,"minecraft:fall_one_cm":6872}},"DataVersion":3465}