{"stats":{"minecraft:used":{"minecraft:cooked_mutton":3,"minecraft:rabbit":1,"minecraft:stone_pickaxe":568,"minecraft:shield":9,"minecraft:wooden_pickaxe":57,"minecraft:rotten_flesh":1,"minecraft:white_wool":2,"minecraft:torch":32,"farmersdelight:onion":2,"minecraft:dirt":50,"minecraft:crafting_table":4,"minecraft:white_bed":1,"minecraft:black_bed":1,"minecraft:iron_pickaxe":10,"minecraft:gravel":10,"minecraft:stone_axe":141,"minecraft:cobblestone":46,"minecraft:furnace":4,"minecraft:oak_sapling":1,"minecraft:bucket":1,"tombstone:gift":2,"minecraft:oak_boat":1,"quark:oak_chest":3,"minecraft:cobbled_deepslate":39},"minecraft:killed_by":{"cobblemon:pokemon":1,"minecraft:creeper":1,"minecraft:zombie":2},"minecraft:mined":{"minecraft:white_bed":1,"farmersdelight:wild_carrots":12,"minecraft:crafting_table":3,"minecraft:torch":2,"minecraft:grass_block":13,"cobblemon:wepear_berry":1,"supplementaries:wild_flax":1,"minecraft:deepslate_gold_ore":3,"minecraft:cobblestone":4,"minecraft:tall_grass":6,"minecraft:lapis_ore":5,"minecraft:sugar_cane":1,"cobblemon:oran_berry":5,"minecraft:wall_torch":1,"quark:hollow_birch_log":1,"farmersdelight:wild_onions":12,"minecraft:redstone_ore":7,"minecraft:furnace":3,"minecraft:iron_ore":10,"minecraft:birch_log":33,"minecraft:birch_leaves":10,"minecraft:deepslate_lapis_ore":4,"minecraft:peony":1,"cobblemon:medicinal_leek":5,"minecraft:grass":7,"minecraft:deepslate_iron_ore":27,"minecraft:coal_ore":37,"minecraft:oak_log":42,"biomesoplenty:redwood_leaves":3,"minecraft:gravel":9,"minecraft:dirt":40,"cobblemon:passho_berry":1,"minecraft:stone":435,"biomesoplenty:redwood_wood":29,"minecraft:oak_leaves":1,"minecraft:deepslate":92},"minecraft:picked_up":{"minecraft:birch_log":33,"minecraft:crafting_table":3,"minecraft:allium":23,"cobblemon:red_apricorn":4,"minecraft:flint":1,"minecraft:oak_log":42,"supplementaries:flax_seeds":1,"minecraft:lapis_lazuli":52,"minecraft:dirt":52,"cobblemon:passho_berry":7,"minecraft:kelp":10,"minecraft:wheat_seeds":3,"cobblemon:black_apricorn":5,"minecraft:cobbled_deepslate":99,"minecraft:raw_gold":3,"minecraft:rabbit_hide":2,"minecraft:stone_pickaxe":1,"cobblemon:oran_berry":46,"cobblemon:relic_coin":31,"minecraft:rabbit":1,"biomesoplenty:redwood_wood":27,"minecraft:sugar_cane":2,"minecraft:birch_sapling":2,"minecraft:oak_planks":40,"minecraft:raw_iron":37,"minecraft:furnace":3,"cobblemon:chilan_berry":1,"minecraft:stick":1,"cobblemon:black_apricorn_seed":2,"minecraft:torch":4,"minecraft:gravel":10,"cobblemon:cheri_berry":17,"cobblemon:pink_apricorn":5,"minecraft:white_bed":1,"minecraft:carrot":12,"minecraft:redstone":31,"minecraft:arrow":1,"minecraft:rotten_flesh":4,"minecraft:peony":1,"farmersdelight:onion":12,"quark:hollow_birch_log":1,"biomesoplenty:redwood_sapling":2,"cobblemon:medicinal_leek":13,"minecraft:oak_sapling":1,"minecraft:mutton":7,"minecraft:coal":37,"minecraft:white_wool":5,"minecraft:cobblestone":438},"minecraft:broken":{"minecraft:stone_pickaxe":4,"minecraft:stone_axe":1},"minecraft:dropped":{"minecraft:kelp":10,"minecraft:wheat_seeds":3,"quark:hollow_birch_log":1,"biomesoplenty:redwood_sapling":2,"minecraft:cobblestone":2,"cobblemon:chilan_berry":1,"minecraft:rabbit_hide":1,"supplementaries:flax_seeds":1,"minecraft:dirt":2,"minecraft:allium":23,"minecraft:peony":1,"tombstone:grave_dust":1,"minecraft:stone_pickaxe":1},"minecraft:crafted":{"minecraft:black_dye":1,"minecraft:oak_planks":88,"minecraft:crafting_table":1,"biomesoplenty:redwood_planks":108,"minecraft:wooden_pickaxe":1,"quark:sturdy_stone":3,"minecraft:furnace":1,"minecraft:bucket":1,"minecraft:birch_planks":132,"minecraft:stone_axe":4,"minecraft:cooked_mutton":7,"minecraft:oak_boat":1,"minecraft:iron_chestplate":1,"minecraft:charcoal":19,"minecraft:shield":1,"minecraft:stick":240,"quark:oak_chest":3,"minecraft:iron_pickaxe":1,"minecraft:iron_ingot":15,"minecraft:stone_pickaxe":8,"minecraft:gold_ingot":3,"minecraft:black_bed":1,"minecraft:white_bed":1,"minecraft:torch":28},"minecraft:killed":{"cobblemon:pokemon":2,"minecraft:creeper":1,"minecraft:sheep":3,"minecraft:skeleton":1,"minecraft:zombie":3},"minecraft:custom":{"minecraft:interact_with_furnace":25,"spartanshields:shield_bash_hits":3,"minecraft:mob_kills":11,"minecraft:interact_with_crafting_table":19,"minecraft:leave_game":2,"minecraft:time_since_death":6498,"minecraft:sleep_in_bed":3,"minecraft:time_since_rest":3585,"minecraft:waystone_activated":1,"minecraft:sprint_one_cm":91821,"minecraft:damage_taken":1296,"minecraft:walk_one_cm":340134,"minecraft:damage_blocked_by_shield":795,"minecraft:drop":49,"minecraft:damage_dealt":2178,"minecraft:swim_one_cm":6014,"minecraft:fly_one_cm":76478,"minecraft:open_chest":25,"minecraft:crouch_one_cm":4527,"minecraft:play_time":103855,"tombstone:undead_killed":4,"minecraft:deaths":4,"minecraft:sneak_time":2817,"minecraft:walk_under_water_one_cm":7143,"minecraft:boat_one_cm":2,"minecraft:jump":1115,"minecraft:walk_on_water_one_cm":14552,"minecraft:total_world_time":103855,"minecraft:fall_one_cm":11751}},"DataVersion":3465}