{"stats":{"minecraft:used":{"minecraft:flint_and_steel":3,"minecraft:shield":15,"minecraft:rotten_flesh":1,"minecraft:torch":32,"minecraft:dirt":50,"minecraft:oak_sapling":1,"minecraft:furnace":4,"tombstone:gift":2,"minecraft:cobbled_deepslate":39,"minecraft:cooked_mutton":7,"minecraft:rabbit":1,"minecraft:stone_pickaxe":576,"minecraft:wooden_pickaxe":57,"minecraft:white_wool":2,"farmersdelight:onion":9,"cobblemon:apricorn_boat":1,"minecraft:crafting_table":6,"minecraft:white_bed":1,"minecraft:black_bed":1,"minecraft:melon_slice":2,"minecraft:iron_pickaxe":10,"minecraft:gravel":17,"minecraft:stone_axe":169,"minecraft:cobblestone":46,"minecraft:bucket":1,"quark:oak_chest":3,"minecraft:oak_boat":1},"minecraft:killed_by":{"cobblemon:pokemon":3,"minecraft:creeper":1,"minecraft:zombie":2},"minecraft:mined":{"minecraft:white_bed":1,"farmersdelight:wild_carrots":12,"cobblemon:apricorn_log":3,"cobblemon:big_root":1,"minecraft:grass_block":13,"minecraft:large_fern":1,"quark:hollow_birch_log":1,"farmersdelight:wild_onions":12,"minecraft:redstone_ore":7,"minecraft:furnace":4,"minecraft:iron_ore":10,"minecraft:deepslate_lapis_ore":4,"minecraft:peony":1,"cobblemon:medicinal_leek":5,"minecraft:deepslate_iron_ore":27,"cobblemon:passho_berry":1,"minecraft:stone":439,"quark:oak_chest":3,"cobblemon:apricorn_leaves":2,"minecraft:crafting_table":5,"minecraft:torch":2,"minecraft:melon":8,"cobblemon:wepear_berry":1,"supplementaries:wild_flax":1,"biomesoplenty:high_grass_plant":2,"minecraft:tall_grass":6,"minecraft:cobblestone":5,"minecraft:lapis_ore":5,"minecraft:deepslate_gold_ore":3,"cobblemon:oran_berry":5,"minecraft:sugar_cane":1,"minecraft:wall_torch":1,"minecraft:birch_log":33,"minecraft:birch_leaves":10,"minecraft:black_bed":1,"minecraft:grass":8,"minecraft:oak_log":42,"minecraft:coal_ore":39,"biomesoplenty:redwood_leaves":3,"minecraft:gravel":23,"minecraft:dirt":40,"biomesoplenty:redwood_wood":29,"minecraft:oak_leaves":2,"minecraft:deepslate":92,"minecraft:fern":1},"minecraft:broken":{"minecraft:stone_pickaxe":4,"minecraft:stone_axe":1},"minecraft:picked_up":{"minecraft:crafting_table":5,"minecraft:allium":23,"cobblemon:red_apricorn":8,"minecraft:cobbled_deepslate":99,"cobblemon:oran_berry":92,"cobblemon:relic_coin":62,"cobblemon:big_root":1,"minecraft:melon_slice":32,"biomesoplenty:redwood_wood":27,"minecraft:sugar_cane":4,"minecraft:birch_sapling":4,"minecraft:furnace":4,"cobblemon:apricorn_log":3,"minecraft:stick":1,"minecraft:raw_iron":37,"minecraft:torch":4,"minecraft:carrot":24,"minecraft:redstone":31,"minecraft:arrow":4,"minecraft:rotten_flesh":4,"minecraft:peony":1,"farmersdelight:onion":22,"biomesoplenty:redwood_sapling":2,"minecraft:mutton":7,"minecraft:white_wool":5,"minecraft:cobblestone":442,"minecraft:birch_log":33,"minecraft:black_bed":1,"minecraft:birch_planks":128,"minecraft:flint":3,"minecraft:oak_log":42,"supplementaries:flax_seeds":1,"minecraft:lapis_lazuli":52,"minecraft:dirt":52,"cobblemon:passho_berry":14,"minecraft:kelp":10,"cobblemon:black_apricorn":10,"minecraft:wheat_seeds":3,"minecraft:raw_gold":3,"minecraft:rabbit_hide":5,"minecraft:stone_pickaxe":1,"minecraft:rabbit":1,"minecraft:oak_planks":69,"cobbledex:cobbledex_item":1,"cobblemon:chilan_berry":1,"patchouli:guide_book":2,"cobblemon:black_apricorn_seed":4,"minecraft:gravel":20,"cobblemon:cheri_berry":34,"cobblemon:pink_apricorn":10,"minecraft:white_bed":1,"quark:oak_chest":3,"mowziesmobs:naga_fang":1,"quark:hollow_birch_log":1,"cobblemon:medicinal_leek":26,"minecraft:oak_sapling":1,"minecraft:coal":39},"minecraft:dropped":{"minecraft:wheat_seeds":3,"quark:hollow_birch_log":1,"minecraft:crafting_table":1,"minecraft:cobblestone":2,"minecraft:coal":1,"cobblemon:chilan_berry":1,"cobblemon:oran_berry":46,"mowziesmobs:naga_fang":1,"cobblemon:pink_apricorn":5,"minecraft:dirt":2,"tombstone:grave_dust":1,"cobblemon:passho_berry":7,"cobblemon:red_apricorn":4,"minecraft:redstone":4,"cobblemon:relic_coin":31,"minecraft:kelp":10,"minecraft:sugar_cane":2,"cobblemon:big_root":1,"biomesoplenty:redwood_sapling":2,"minecraft:birch_sapling":2,"cobblemon:cheri_berry":17,"cobblemon:apricorn_planks":3,"cobblemon:black_apricorn":5,"cobblemon:black_apricorn_seed":2,"minecraft:rabbit_hide":4,"supplementaries:flax_seeds":1,"minecraft:allium":23,"minecraft:peony":1,"minecraft:charcoal":3,"minecraft:arrow":3,"minecraft:stone_pickaxe":1},"minecraft:crafted":{"cobblemon:apricorn_boat":1,"minecraft:black_dye":1,"minecraft:oak_planks":88,"quark:sturdy_stone":39,"cobblemon:apricorn_planks":12,"minecraft:furnace":1,"minecraft:cooked_mutton":7,"minecraft:flint_and_steel":1,"minecraft:iron_boots":1,"minecraft:stone_pickaxe":8,"minecraft:redstone_block":3,"minecraft:coal_block":4,"minecraft:crafting_table":2,"biomesoplenty:redwood_planks":108,"minecraft:wooden_pickaxe":1,"minecraft:iron_helmet":1,"minecraft:bucket":1,"minecraft:birch_planks":132,"minecraft:stone_axe":4,"minecraft:oak_boat":1,"minecraft:iron_chestplate":1,"minecraft:charcoal":19,"minecraft:shield":1,"minecraft:stick":240,"quark:oak_chest":3,"minecraft:iron_ingot":37,"minecraft:iron_pickaxe":1,"minecraft:gold_ingot":3,"minecraft:iron_leggings":1,"minecraft:black_bed":1,"minecraft:white_bed":1,"minecraft:torch":36,"minecraft:lapis_block":5},"minecraft:killed":{"minecraft:skeleton":1,"cobblemon:pokemon":3,"minecraft:creeper":1,"minecraft:sheep":3,"minecraft:zombie":4},"minecraft:custom":{"minecraft:mob_kills":13,"minecraft:interact_with_crafting_table":30,"minecraft:leave_game":2,"minecraft:time_since_death":2096,"minecraft:climb_one_cm":1804,"minecraft:sprint_one_cm":154344,"minecraft:walk_one_cm":419491,"minecraft:damage_blocked_by_shield":1728,"minecraft:drop":72,"minecraft:play_time":133855,"minecraft:deaths":7,"minecraft:sneak_time":2976,"minecraft:walk_under_water_one_cm":10887,"minecraft:boat_one_cm":4838,"minecraft:jump":1688,"minecraft:walk_on_water_one_cm":18226,"minecraft:total_world_time":133855,"minecraft:interact_with_furnace":31,"spartanshields:shield_bash_hits":8,"minecraft:sleep_in_bed":3,"minecraft:time_since_rest":1323,"minecraft:waystone_activated":1,"minecraft:damage_taken":2455,"minecraft:damage_dealt":2580,"minecraft:swim_one_cm":27209,"minecraft:fly_one_cm":182004,"minecraft:open_chest":28,"minecraft:crouch_one_cm":4902,"tombstone:undead_killed":5,"minecraft:fall_one_cm":24387}},"DataVersion":3465}