{"stats":{"minecraft:used":{"minecraft:stone_sword":115,"botania:black_mystical_flower":2,"minecraft:torch":52,"minecraft:dirt":98,"minecraft:mutton":24,"minecraft:carrot":5,"botania:black_mushroom":1,"minecraft:granite":1,"minecraft:iron_axe":9,"minecraft:iron_helmet":1,"minecraft:beef":7,"minecraft:oak_sapling":1,"minecraft:furnace":5,"botania:lime_mushroom":1,"tombstone:gift":2,"minecraft:iron_leggings":1,"minecraft:stone_pickaxe":206,"minecraft:wooden_pickaxe":48,"minecraft:crafting_table":10,"minecraft:blast_furnace":1,"minecraft:bread":37,"minecraft:iron_pickaxe":85,"minecraft:stone_axe":47,"minecraft:wooden_sword":66,"minecraft:cobblestone":4,"quark:oak_chest":2},"minecraft:mined":{"minecraft:large_amethyst_bud":1,"minecraft:mossy_cobblestone":1,"minecraft:deepslate_diamond_ore":7,"botania:red_mushroom":1,"cobblemon:big_root":6,"minecraft:brewing_stand":1,"minecraft:granite":1,"botania:black_mushroom":1,"cobblemon:pink_apricorn":3,"minecraft:grass_block":24,"botania:black_double_flower":1,"minecraft:hay_block":32,"minecraft:redstone_ore":3,"minecraft:furnace":5,"minecraft:carrots":5,"minecraft:iron_ore":39,"minecraft:cobbled_deepslate":2,"minecraft:andesite":1,"minecraft:potatoes":1,"minecraft:deepslate_iron_ore":5,"minecraft:vine":1,"minecraft:small_amethyst_bud":9,"minecraft:stone":107,"minecraft:smithing_table":1,"minecraft:deepslate_redstone_ore":9,"quark:oak_chest":2,"minecraft:smoker":1,"minecraft:medium_amethyst_bud":2,"minecraft:amethyst_cluster":2,"botania:lime_mushroom":1,"minecraft:crafting_table":10,"cobblemon:apricorn_leaves":19,"botania:yellow_double_flower":1,"minecraft:blast_furnace":3,"minecraft:calcite":3,"minecraft:tall_grass":2,"minecraft:copper_ore":24,"minecraft:cobblestone":4,"biomesoplenty:huge_clover_petal":4,"minecraft:deepslate_gold_ore":5,"minecraft:sugar_cane":6,"botania:black_mystical_flower":2,"minecraft:wall_torch":7,"minecraft:amethyst_block":6,"supplementaries:urn":15,"minecraft:wheat":1,"minecraft:grass":19,"biomesoplenty:clover":4,"minecraft:coal_ore":48,"minecraft:oak_log":33,"minecraft:dirt":103,"minecraft:cobweb":4,"minecraft:smooth_basalt":6,"minecraft:stonecutter":1,"minecraft:chipped_anvil":1,"minecraft:oak_leaves":9,"minecraft:deepslate":18},"minecraft:broken":{"minecraft:stone_pickaxe":1,"minecraft:wooden_sword":1},"minecraft:picked_up":{"minecraft:crafting_table":10,"cobblemon:yellow_apricorn":4,"minecraft:smithing_table":1,"botania:black_double_flower":1,"minecraft:potion":1,"minecraft:brewing_stand":1,"minecraft:amethyst_block":6,"minecraft:string":10,"minecraft:raw_copper":78,"minecraft:gold_nugget":8,"minecraft:cobbled_deepslate":18,"minecraft:beef":11,"minecraft:calcite":3,"minecraft:iron_nugget":9,"cobblemon:big_root":6,"minecraft:sugar_cane":11,"minecraft:furnace":5,"minecraft:raw_iron":68,"minecraft:stick":6,"minecraft:torch":8,"botania:black_mushroom":1,"minecraft:porkchop":7,"tombstone:grave_dust":3,"minecraft:carrot":5,"minecraft:redstone":54,"minecraft:arrow":2,"minecraft:rotten_flesh":22,"minecraft:hay_block":32,"supplementaries:antique_ink":2,"supplementaries:ash":26,"minecraft:mutton":24,"minecraft:bone_block":9,"minecraft:cobblestone":110,"minecraft:white_wool":11,"minecraft:andesite":1,"minecraft:brown_wool":1,"minecraft:leather":9,"minecraft:smoker":1,"minecraft:potato":1,"minecraft:oak_log":33,"supplementaries:flax_seeds":9,"botania:red_mushroom":1,"minecraft:dirt":138,"botania:black_mystical_flower":2,"minecraft:bone":12,"minecraft:chipped_anvil":1,"minecraft:kelp":3,"minecraft:stonecutter":1,"minecraft:wheat_seeds":3,"cobblemon:black_apricorn":2,"minecraft:raw_gold":5,"minecraft:rabbit":1,"minecraft:smooth_basalt":6,"botania:yellow_double_flower":1,"cobblemon:black_apricorn_seed":1,"minecraft:gravel":6,"cobblemon:yellow_apricorn_seed":1,"minecraft:amethyst_shard":8,"minecraft:blast_furnace":2,"cobblemon:pink_apricorn":5,"botania:lime_mushroom":1,"cobblemon:aspear_berry":8,"quark:oak_chest":2,"minecraft:spider_eye":1,"minecraft:slime_ball":2,"minecraft:diamond":7,"minecraft:granite":1,"minecraft:gray_wool":2,"minecraft:emerald":2,"minecraft:oak_sapling":2,"minecraft:coal":63},"minecraft:dropped":{"minecraft:wheat_seeds":5,"minecraft:dirt":20,"minecraft:gold_nugget":8,"minecraft:iron_nugget":9,"minecraft:rotten_flesh":6},"minecraft:crafted":{"minecraft:wooden_sword":1,"minecraft:oak_planks":48,"minecraft:coal":4,"minecraft:furnace":2,"minecraft:iron_boots":1,"sophisticatedbackpacks:copper_backpack":1,"minecraft:stone_pickaxe":2,"sophisticatedbackpacks:iron_backpack":1,"minecraft:wheat":180,"minecraft:emerald":4,"sophisticatedbackpacks:backpack":1,"minecraft:crafting_table":1,"minecraft:wooden_pickaxe":1,"minecraft:iron_helmet":1,"minecraft:copper_ingot":68,"sophisticatedbackpacks:gold_backpack":1,"minecraft:bucket":1,"minecraft:stone_axe":1,"minecraft:bread":60,"minecraft:air":0,"minecraft:shield":1,"minecraft:stick":28,"quark:oak_chest":2,"minecraft:iron_ingot":44,"minecraft:iron_pickaxe":1,"minecraft:stone_sword":1,"minecraft:gold_ingot":8,"minecraft:iron_leggings":1,"minecraft:torch":64},"minecraft:killed":{"minecraft:witch":2,"minecraft:spider":4,"minecraft:skeleton":1,"minecraft:pig":3,"cobblemon:pokemon":1,"minecraft:creeper":1,"minecraft:sheep":13,"minecraft:zombie":25,"minecraft:cow":6},"minecraft:custom":{"minecraft:interact_with_anvil":1,"minecraft:mob_kills":58,"minecraft:interact_with_crafting_table":34,"minecraft:open_barrel":5,"goblintraders:trade_with_goblin":8,"minecraft:leave_game":4,"minecraft:time_since_death":155638,"minecraft:climb_one_cm":11682,"minecraft:sprint_one_cm":293632,"minecraft:walk_one_cm":234994,"minecraft:drop":6,"minecraft:play_time":155638,"minecraft:sneak_time":14983,"minecraft:walk_under_water_one_cm":15991,"minecraft:jump":2140,"minecraft:interact_with_blast_furnace":10,"minecraft:walk_on_water_one_cm":18980,"minecraft:total_world_time":155638,"minecraft:interact_with_furnace":17,"tombstone:raider_killed":2,"minecraft:sleep_in_bed":1,"minecraft:time_since_rest":101604,"minecraft:waystone_activated":4,"minecraft:damage_taken":1944,"minecraft:damage_dealt":8013,"minecraft:swim_one_cm":105755,"minecraft:fly_one_cm":487527,"minecraft:open_chest":17,"minecraft:crouch_one_cm":41519,"tombstone:undead_killed":26,"minecraft:interact_with_smoker":2,"minecraft:fall_one_cm":66915}},"DataVersion":3465}