{"stats":{"minecraft:used":{"minecraft:stone_pickaxe":10,"minecraft:wooden_pickaxe":48,"botania:black_mystical_flower":2,"minecraft:wooden_sword":66,"minecraft:dirt":3,"minecraft:mutton":14,"minecraft:crafting_table":2,"minecraft:furnace":1},"minecraft:mined":{"minecraft:hay_block":30,"minecraft:carrots":5,"minecraft:furnace":1,"minecraft:wheat":1,"cobblemon:big_root":5,"minecraft:crafting_table":2,"cobblemon:apricorn_leaves":4,"minecraft:grass":8,"minecraft:potatoes":1,"biomesoplenty:clover":3,"minecraft:coal_ore":6,"minecraft:grass_block":5,"minecraft:oak_log":5,"minecraft:dirt":6,"minecraft:tall_grass":2,"botania:black_double_flower":1,"minecraft:stonecutter":1,"biomesoplenty:huge_clover_petal":4,"minecraft:stone":50,"minecraft:sugar_cane":2,"botania:black_mystical_flower":2},"minecraft:broken":{"minecraft:wooden_sword":1},"minecraft:picked_up":{"minecraft:stick":1,"minecraft:crafting_table":2,"minecraft:leather":7,"minecraft:brown_wool":1,"cobblemon:black_apricorn_seed":1,"botania:black_double_flower":1,"minecraft:potato":1,"minecraft:porkchop":7,"minecraft:oak_log":5,"minecraft:carrot":5,"minecraft:dirt":11,"botania:black_mystical_flower":2,"minecraft:kelp":3,"minecraft:stonecutter":1,"cobblemon:black_apricorn":2,"minecraft:wheat_seeds":3,"minecraft:hay_block":30,"minecraft:beef":10,"minecraft:gray_wool":2,"cobblemon:big_root":5,"minecraft:sugar_cane":5,"minecraft:coal":6,"minecraft:mutton":24,"minecraft:white_wool":11,"minecraft:cobblestone":49,"minecraft:furnace":1},"minecraft:crafted":{"minecraft:wooden_sword":1,"minecraft:oak_planks":20,"minecraft:crafting_table":1,"minecraft:stick":4,"minecraft:wooden_pickaxe":1,"minecraft:stone_pickaxe":1,"minecraft:furnace":1},"minecraft:killed":{"minecraft:sheep":13,"minecraft:pig":3,"cobblemon:pokemon":1,"minecraft:cow":5},"minecraft:custom":{"minecraft:time_since_rest":47637,"minecraft:waystone_activated":1,"minecraft:interact_with_furnace":1,"minecraft:sprint_one_cm":87324,"minecraft:damage_taken":140,"minecraft:walk_one_cm":49191,"minecraft:mob_kills":22,"minecraft:damage_dealt":2021,"minecraft:swim_one_cm":10026,"minecraft:interact_with_crafting_table":3,"minecraft:fly_one_cm":164948,"minecraft:crouch_one_cm":9170,"minecraft:play_time":47637,"minecraft:sneak_time":2355,"minecraft:walk_under_water_one_cm":554,"minecraft:jump":685,"minecraft:leave_game":3,"minecraft:walk_on_water_one_cm":1057,"minecraft:time_since_death":47637,"minecraft:total_world_time":47637,"minecraft:fall_one_cm":23255}},"DataVersion":3465}