{"stats":{"minecraft:used":{"minecraft:stone_sword":4,"minecraft:stone_pickaxe":51,"minecraft:wooden_pickaxe":48,"botania:black_mystical_flower":2,"minecraft:dirt":20,"minecraft:mutton":24,"minecraft:crafting_table":4,"minecraft:carrot":5,"minecraft:bread":2,"minecraft:wooden_sword":66,"minecraft:beef":6,"minecraft:furnace":2,"minecraft:oak_sapling":1,"quark:oak_chest":1},"minecraft:mined":{"minecraft:smithing_table":1,"minecraft:mossy_cobblestone":1,"cobblemon:big_root":6,"minecraft:brewing_stand":1,"minecraft:crafting_table":3,"cobblemon:apricorn_leaves":15,"minecraft:blast_furnace":1,"cobblemon:pink_apricorn":2,"minecraft:grass_block":9,"minecraft:tall_grass":2,"minecraft:cobblestone":2,"botania:black_double_flower":1,"biomesoplenty:huge_clover_petal":4,"minecraft:sugar_cane":6,"botania:black_mystical_flower":2,"minecraft:hay_block":32,"minecraft:furnace":1,"minecraft:carrots":5,"minecraft:iron_ore":2,"minecraft:wheat":1,"minecraft:grass":11,"biomesoplenty:clover":4,"minecraft:oak_log":6,"minecraft:potatoes":1,"minecraft:coal_ore":13,"minecraft:dirt":36,"minecraft:stonecutter":1,"minecraft:stone":56,"minecraft:oak_leaves":6},"minecraft:broken":{"minecraft:wooden_sword":1},"minecraft:picked_up":{"minecraft:crafting_table":3,"cobblemon:yellow_apricorn":4,"minecraft:leather":9,"minecraft:brown_wool":1,"minecraft:smithing_table":1,"botania:black_double_flower":1,"minecraft:potato":1,"minecraft:oak_log":6,"minecraft:brewing_stand":1,"minecraft:string":5,"minecraft:dirt":45,"botania:black_mystical_flower":2,"minecraft:bone":2,"minecraft:kelp":3,"minecraft:stonecutter":1,"cobblemon:black_apricorn":2,"minecraft:wheat_seeds":3,"minecraft:beef":11,"cobblemon:big_root":6,"minecraft:sugar_cane":11,"minecraft:furnace":1,"minecraft:stick":1,"minecraft:raw_iron":2,"cobblemon:black_apricorn_seed":1,"minecraft:porkchop":7,"cobblemon:yellow_apricorn_seed":1,"cobblemon:pink_apricorn":2,"minecraft:carrot":5,"minecraft:arrow":2,"minecraft:slime_ball":2,"minecraft:hay_block":32,"minecraft:gray_wool":2,"minecraft:oak_sapling":1,"minecraft:mutton":24,"minecraft:coal":13,"minecraft:white_wool":11,"minecraft:cobblestone":55},"minecraft:dropped":{"minecraft:wheat_seeds":5,"minecraft:dirt":9},"minecraft:crafted":{"minecraft:wooden_sword":1,"minecraft:oak_planks":24,"minecraft:crafting_table":1,"minecraft:wooden_pickaxe":1,"minecraft:furnace":1,"minecraft:bread":6,"minecraft:stick":8,"quark:oak_chest":1,"minecraft:stone_pickaxe":1,"minecraft:stone_sword":1,"minecraft:wheat":18},"minecraft:killed":{"minecraft:pig":3,"cobblemon:pokemon":1,"minecraft:spider":2,"minecraft:skeleton":1,"minecraft:sheep":13,"minecraft:cow":6},"minecraft:custom":{"minecraft:interact_with_furnace":1,"minecraft:mob_kills":26,"minecraft:interact_with_crafting_table":9,"minecraft:open_barrel":1,"minecraft:leave_game":4,"minecraft:time_since_death":77638,"minecraft:sleep_in_bed":1,"minecraft:climb_one_cm":991,"minecraft:time_since_rest":23604,"minecraft:waystone_activated":4,"minecraft:sprint_one_cm":151790,"minecraft:damage_taken":360,"minecraft:walk_one_cm":102299,"minecraft:drop":2,"minecraft:damage_dealt":2655,"minecraft:swim_one_cm":38264,"minecraft:fly_one_cm":311397,"minecraft:open_chest":4,"minecraft:crouch_one_cm":12386,"minecraft:play_time":77638,"tombstone:undead_killed":1,"minecraft:sneak_time":3340,"minecraft:walk_under_water_one_cm":6130,"minecraft:jump":1259,"minecraft:walk_on_water_one_cm":8914,"minecraft:total_world_time":77638,"minecraft:fall_one_cm":40250}},"DataVersion":3465}