{"stats":{"minecraft:used":{"minecraft:stone_sword":101,"botania:black_mystical_flower":2,"minecraft:torch":37,"minecraft:dirt":81,"minecraft:mutton":24,"minecraft:carrot":5,"botania:black_mushroom":1,"minecraft:granite":1,"minecraft:beef":6,"minecraft:oak_sapling":1,"minecraft:furnace":5,"botania:lime_mushroom":1,"tombstone:gift":2,"minecraft:stone_pickaxe":201,"minecraft:wooden_pickaxe":48,"minecraft:crafting_table":6,"minecraft:bread":29,"minecraft:iron_pickaxe":58,"minecraft:stone_axe":9,"minecraft:wooden_sword":66,"quark:oak_chest":2},"minecraft:mined":{"minecraft:large_amethyst_bud":1,"minecraft:mossy_cobblestone":1,"minecraft:deepslate_diamond_ore":4,"botania:red_mushroom":1,"cobblemon:big_root":6,"minecraft:brewing_stand":1,"minecraft:granite":1,"botania:black_mushroom":1,"cobblemon:pink_apricorn":3,"minecraft:grass_block":21,"botania:black_double_flower":1,"minecraft:hay_block":32,"minecraft:redstone_ore":3,"minecraft:furnace":3,"minecraft:carrots":5,"minecraft:iron_ore":39,"minecraft:cobbled_deepslate":2,"minecraft:andesite":1,"minecraft:potatoes":1,"minecraft:deepslate_iron_ore":4,"minecraft:vine":1,"minecraft:small_amethyst_bud":6,"minecraft:stone":104,"minecraft:smithing_table":1,"quark:oak_chest":1,"minecraft:medium_amethyst_bud":2,"minecraft:amethyst_cluster":1,"botania:lime_mushroom":1,"minecraft:crafting_table":5,"cobblemon:apricorn_leaves":19,"botania:yellow_double_flower":1,"minecraft:blast_furnace":1,"minecraft:calcite":3,"minecraft:tall_grass":2,"minecraft:copper_ore":24,"minecraft:cobblestone":2,"biomesoplenty:huge_clover_petal":4,"minecraft:deepslate_gold_ore":3,"minecraft:sugar_cane":6,"botania:black_mystical_flower":2,"minecraft:wall_torch":6,"minecraft:amethyst_block":6,"supplementaries:urn":15,"minecraft:wheat":1,"minecraft:grass":19,"biomesoplenty:clover":4,"minecraft:coal_ore":48,"minecraft:oak_log":10,"minecraft:dirt":81,"minecraft:cobweb":4,"minecraft:smooth_basalt":6,"minecraft:stonecutter":1,"minecraft:oak_leaves":6,"minecraft:deepslate":16},"minecraft:broken":{"minecraft:stone_pickaxe":1,"minecraft:wooden_sword":1},"minecraft:picked_up":{"minecraft:crafting_table":5,"cobblemon:yellow_apricorn":4,"minecraft:smithing_table":1,"botania:black_double_flower":1,"minecraft:brewing_stand":1,"minecraft:amethyst_block":6,"minecraft:string":10,"minecraft:raw_copper":78,"minecraft:gold_nugget":8,"minecraft:cobbled_deepslate":18,"minecraft:beef":11,"minecraft:calcite":3,"minecraft:iron_nugget":9,"cobblemon:big_root":6,"minecraft:sugar_cane":11,"minecraft:furnace":3,"minecraft:raw_iron":43,"minecraft:stick":4,"minecraft:torch":7,"botania:black_mushroom":1,"minecraft:porkchop":7,"tombstone:grave_dust":3,"minecraft:carrot":5,"minecraft:redstone":13,"minecraft:arrow":2,"minecraft:rotten_flesh":16,"minecraft:hay_block":32,"supplementaries:antique_ink":2,"supplementaries:ash":26,"minecraft:mutton":24,"minecraft:cobblestone":105,"minecraft:white_wool":11,"minecraft:andesite":1,"minecraft:brown_wool":1,"minecraft:leather":9,"minecraft:potato":1,"minecraft:oak_log":10,"supplementaries:flax_seeds":9,"botania:red_mushroom":1,"minecraft:dirt":102,"botania:black_mystical_flower":2,"minecraft:bone":12,"minecraft:kelp":3,"minecraft:stonecutter":1,"minecraft:wheat_seeds":3,"cobblemon:black_apricorn":2,"minecraft:raw_gold":3,"minecraft:smooth_basalt":6,"botania:yellow_double_flower":1,"cobblemon:black_apricorn_seed":1,"minecraft:gravel":6,"cobblemon:yellow_apricorn_seed":1,"minecraft:amethyst_shard":4,"cobblemon:pink_apricorn":5,"botania:lime_mushroom":1,"cobblemon:aspear_berry":8,"quark:oak_chest":1,"minecraft:spider_eye":1,"minecraft:slime_ball":2,"minecraft:diamond":4,"minecraft:granite":1,"minecraft:gray_wool":2,"minecraft:emerald":2,"minecraft:oak_sapling":2,"minecraft:coal":48},"minecraft:dropped":{"minecraft:wheat_seeds":5,"minecraft:dirt":9},"minecraft:crafted":{"minecraft:wooden_sword":1,"minecraft:oak_planks":40,"minecraft:furnace":2,"sophisticatedbackpacks:copper_backpack":1,"minecraft:stone_pickaxe":2,"minecraft:wheat":99,"sophisticatedbackpacks:backpack":1,"minecraft:crafting_table":1,"minecraft:wooden_pickaxe":1,"minecraft:copper_ingot":8,"minecraft:stone_axe":1,"minecraft:bread":33,"minecraft:air":0,"minecraft:stick":28,"quark:oak_chest":2,"minecraft:iron_ingot":4,"minecraft:iron_pickaxe":1,"minecraft:stone_sword":1,"minecraft:torch":36},"minecraft:killed":{"minecraft:witch":1,"minecraft:spider":4,"minecraft:skeleton":1,"minecraft:pig":3,"cobblemon:pokemon":1,"minecraft:creeper":1,"minecraft:sheep":13,"minecraft:zombie":19,"minecraft:cow":6},"minecraft:custom":{"minecraft:mob_kills":49,"minecraft:interact_with_crafting_table":25,"minecraft:open_barrel":1,"minecraft:leave_game":4,"minecraft:time_since_death":131638,"minecraft:climb_one_cm":11682,"minecraft:sprint_one_cm":258364,"minecraft:walk_one_cm":189011,"minecraft:drop":2,"minecraft:play_time":131638,"minecraft:sneak_time":12623,"minecraft:walk_under_water_one_cm":15977,"minecraft:jump":1894,"minecraft:walk_on_water_one_cm":17007,"minecraft:total_world_time":131638,"minecraft:interact_with_furnace":12,"tombstone:raider_killed":1,"minecraft:sleep_in_bed":1,"minecraft:time_since_rest":77604,"minecraft:waystone_activated":4,"minecraft:damage_taken":1628,"minecraft:damage_dealt":6424,"minecraft:swim_one_cm":105755,"minecraft:fly_one_cm":444998,"minecraft:open_chest":12,"minecraft:crouch_one_cm":35312,"tombstone:undead_killed":20,"minecraft:fall_one_cm":59963}},"DataVersion":3465}