{"stats":{"minecraft:used":{"minecraft:wooden_pickaxe":20,"minecraft:wooden_sword":39,"minecraft:dirt":3,"minecraft:mutton":4,"minecraft:crafting_table":2},"minecraft:mined":{"cobblemon:big_root":5,"minecraft:crafting_table":1,"cobblemon:apricorn_leaves":4,"minecraft:grass":4,"minecraft:grass_block":3,"minecraft:oak_log":5,"minecraft:dirt":2,"minecraft:tall_grass":2,"minecraft:stone":20,"minecraft:sugar_cane":2},"minecraft:picked_up":{"minecraft:stick":1,"minecraft:crafting_table":1,"minecraft:leather":3,"minecraft:brown_wool":1,"cobblemon:black_apricorn_seed":1,"minecraft:porkchop":7,"minecraft:oak_log":5,"minecraft:dirt":5,"minecraft:kelp":3,"cobblemon:black_apricorn":2,"minecraft:wheat_seeds":1,"minecraft:beef":3,"minecraft:gray_wool":2,"cobblemon:big_root":5,"minecraft:sugar_cane":5,"minecraft:mutton":16,"minecraft:white_wool":6,"minecraft:cobblestone":20},"minecraft:crafted":{"minecraft:wooden_sword":1,"minecraft:oak_planks":20,"minecraft:crafting_table":1,"minecraft:stick":4,"minecraft:wooden_pickaxe":1,"minecraft:stone_pickaxe":1},"minecraft:killed":{"minecraft:sheep":9,"minecraft:pig":3,"minecraft:cow":2},"minecraft:custom":{"minecraft:time_since_rest":36451,"minecraft:sprint_one_cm":47585,"minecraft:damage_taken":140,"minecraft:walk_one_cm":27511,"minecraft:mob_kills":14,"minecraft:damage_dealt":1300,"minecraft:interact_with_crafting_table":2,"minecraft:fly_one_cm":73760,"minecraft:crouch_one_cm":3500,"minecraft:play_time":36451,"minecraft:sneak_time":1089,"minecraft:jump":309,"minecraft:leave_game":3,"minecraft:time_since_death":36451,"minecraft:total_world_time":36451,"minecraft:fall_one_cm":10301}},"DataVersion":3465}