{"stats":{"minecraft:used":{"minecraft:stone_sword":49,"minecraft:stone_pickaxe":183,"minecraft:wooden_pickaxe":48,"botania:black_mystical_flower":2,"minecraft:torch":7,"minecraft:dirt":48,"minecraft:mutton":24,"minecraft:crafting_table":6,"minecraft:carrot":5,"minecraft:granite":1,"minecraft:bread":17,"minecraft:stone_axe":2,"minecraft:wooden_sword":66,"minecraft:beef":6,"minecraft:furnace":5,"minecraft:oak_sapling":1,"quark:oak_chest":2},"minecraft:mined":{"minecraft:smithing_table":1,"minecraft:mossy_cobblestone":1,"quark:oak_chest":1,"botania:red_mushroom":1,"cobblemon:big_root":6,"minecraft:brewing_stand":1,"minecraft:crafting_table":5,"cobblemon:apricorn_leaves":19,"minecraft:granite":1,"botania:yellow_double_flower":1,"minecraft:blast_furnace":1,"cobblemon:pink_apricorn":3,"minecraft:grass_block":21,"minecraft:copper_ore":24,"minecraft:tall_grass":2,"minecraft:cobblestone":2,"botania:black_double_flower":1,"biomesoplenty:huge_clover_petal":4,"minecraft:sugar_cane":6,"minecraft:wall_torch":5,"botania:black_mystical_flower":2,"supplementaries:urn":9,"minecraft:hay_block":32,"minecraft:furnace":3,"minecraft:carrots":5,"minecraft:cobbled_deepslate":2,"minecraft:iron_ore":18,"minecraft:wheat":1,"minecraft:andesite":1,"minecraft:grass":19,"biomesoplenty:clover":4,"minecraft:oak_log":10,"minecraft:potatoes":1,"minecraft:coal_ore":48,"minecraft:vine":1,"minecraft:dirt":64,"minecraft:cobweb":4,"minecraft:stonecutter":1,"minecraft:stone":98,"minecraft:deepslate":6,"minecraft:oak_leaves":6},"minecraft:broken":{"minecraft:wooden_sword":1},"minecraft:picked_up":{"minecraft:crafting_table":5,"minecraft:andesite":1,"cobblemon:yellow_apricorn":4,"minecraft:leather":9,"minecraft:brown_wool":1,"minecraft:smithing_table":1,"botania:black_double_flower":1,"minecraft:potato":1,"supplementaries:flax_seeds":4,"minecraft:oak_log":10,"minecraft:brewing_stand":1,"botania:red_mushroom":1,"minecraft:string":10,"minecraft:dirt":85,"minecraft:raw_copper":78,"botania:black_mystical_flower":2,"minecraft:bone":9,"minecraft:kelp":3,"minecraft:stonecutter":1,"cobblemon:black_apricorn":2,"minecraft:wheat_seeds":3,"minecraft:cobbled_deepslate":8,"minecraft:beef":11,"minecraft:iron_nugget":9,"cobblemon:big_root":6,"minecraft:sugar_cane":11,"minecraft:furnace":3,"minecraft:stick":2,"minecraft:raw_iron":18,"botania:yellow_double_flower":1,"cobblemon:black_apricorn_seed":1,"minecraft:torch":6,"minecraft:gravel":6,"minecraft:porkchop":7,"cobblemon:yellow_apricorn_seed":1,"tombstone:grave_dust":1,"cobblemon:pink_apricorn":5,"minecraft:carrot":5,"cobblemon:aspear_berry":8,"quark:oak_chest":1,"minecraft:spider_eye":1,"minecraft:arrow":2,"minecraft:rotten_flesh":5,"minecraft:slime_ball":2,"minecraft:hay_block":32,"minecraft:granite":1,"minecraft:emerald":2,"minecraft:gray_wool":2,"supplementaries:ash":18,"minecraft:oak_sapling":2,"minecraft:mutton":24,"minecraft:coal":48,"minecraft:white_wool":11,"minecraft:cobblestone":99},"minecraft:dropped":{"minecraft:wheat_seeds":5,"minecraft:dirt":9},"minecraft:crafted":{"minecraft:wooden_sword":1,"minecraft:oak_planks":40,"sophisticatedbackpacks:backpack":1,"minecraft:crafting_table":1,"minecraft:wooden_pickaxe":1,"minecraft:furnace":2,"minecraft:copper_ingot":8,"minecraft:stone_axe":1,"minecraft:bread":33,"minecraft:air":0,"sophisticatedbackpacks:copper_backpack":1,"minecraft:stick":28,"quark:oak_chest":2,"minecraft:iron_ingot":4,"minecraft:iron_pickaxe":1,"minecraft:stone_pickaxe":2,"minecraft:stone_sword":1,"minecraft:torch":8,"minecraft:wheat":99},"minecraft:killed":{"minecraft:pig":3,"cobblemon:pokemon":1,"minecraft:spider":4,"minecraft:skeleton":1,"minecraft:sheep":13,"minecraft:zombie":8,"minecraft:cow":6},"minecraft:custom":{"minecraft:interact_with_furnace":12,"minecraft:mob_kills":36,"minecraft:interact_with_crafting_table":25,"minecraft:open_barrel":1,"minecraft:leave_game":4,"minecraft:time_since_death":113638,"minecraft:sleep_in_bed":1,"minecraft:climb_one_cm":11682,"minecraft:time_since_rest":59604,"minecraft:waystone_activated":4,"minecraft:sprint_one_cm":230669,"minecraft:damage_taken":1000,"minecraft:walk_one_cm":154200,"minecraft:drop":2,"minecraft:damage_dealt":3942,"minecraft:swim_one_cm":105755,"minecraft:fly_one_cm":418545,"minecraft:open_chest":12,"minecraft:crouch_one_cm":25265,"minecraft:play_time":113638,"tombstone:undead_killed":9,"minecraft:sneak_time":8163,"minecraft:walk_under_water_one_cm":8085,"minecraft:jump":1704,"minecraft:walk_on_water_one_cm":13840,"minecraft:total_world_time":113638,"minecraft:fall_one_cm":55007}},"DataVersion":3465}