{"stats":{"minecraft:used":{"minecraft:stone_pickaxe":18,"minecraft:wooden_pickaxe":48,"botania:black_mystical_flower":2,"minecraft:dirt":3,"minecraft:mutton":24,"minecraft:crafting_table":3,"minecraft:carrot":5,"minecraft:wooden_sword":66,"minecraft:beef":2,"minecraft:furnace":1,"minecraft:oak_sapling":1},"minecraft:mined":{"minecraft:smithing_table":1,"minecraft:mossy_cobblestone":1,"cobblemon:big_root":6,"minecraft:brewing_stand":1,"minecraft:crafting_table":3,"cobblemon:apricorn_leaves":4,"minecraft:blast_furnace":1,"minecraft:grass_block":6,"minecraft:tall_grass":2,"minecraft:cobblestone":2,"botania:black_double_flower":1,"biomesoplenty:huge_clover_petal":4,"minecraft:sugar_cane":6,"botania:black_mystical_flower":2,"minecraft:hay_block":32,"minecraft:furnace":1,"minecraft:carrots":5,"minecraft:wheat":1,"minecraft:grass":9,"biomesoplenty:clover":4,"minecraft:oak_log":5,"minecraft:potatoes":1,"minecraft:coal_ore":8,"minecraft:dirt":6,"minecraft:stonecutter":1,"minecraft:stone":50,"minecraft:oak_leaves":5},"minecraft:broken":{"minecraft:wooden_sword":1},"minecraft:picked_up":{"minecraft:crafting_table":3,"cobblemon:yellow_apricorn":4,"minecraft:leather":7,"minecraft:brown_wool":1,"minecraft:smithing_table":1,"botania:black_double_flower":1,"minecraft:potato":1,"minecraft:oak_log":5,"minecraft:brewing_stand":1,"minecraft:dirt":12,"botania:black_mystical_flower":2,"minecraft:kelp":3,"minecraft:stonecutter":1,"cobblemon:black_apricorn":2,"minecraft:wheat_seeds":3,"minecraft:beef":10,"cobblemon:big_root":6,"minecraft:sugar_cane":11,"minecraft:furnace":1,"minecraft:stick":1,"cobblemon:black_apricorn_seed":1,"minecraft:porkchop":7,"cobblemon:yellow_apricorn_seed":1,"minecraft:carrot":5,"minecraft:hay_block":32,"minecraft:gray_wool":2,"minecraft:oak_sapling":1,"minecraft:mutton":24,"minecraft:coal":8,"minecraft:white_wool":11,"minecraft:cobblestone":49},"minecraft:crafted":{"minecraft:wooden_sword":1,"minecraft:oak_planks":20,"minecraft:crafting_table":1,"minecraft:wooden_pickaxe":1,"minecraft:furnace":1,"minecraft:stick":4,"minecraft:stone_pickaxe":1},"minecraft:killed":{"minecraft:pig":3,"cobblemon:pokemon":1,"minecraft:sheep":13,"minecraft:cow":5},"minecraft:custom":{"minecraft:interact_with_furnace":1,"minecraft:mob_kills":22,"minecraft:interact_with_crafting_table":3,"minecraft:open_barrel":1,"minecraft:leave_game":4,"minecraft:time_since_death":65638,"minecraft:sleep_in_bed":1,"minecraft:climb_one_cm":991,"minecraft:time_since_rest":11604,"minecraft:waystone_activated":4,"minecraft:sprint_one_cm":130543,"minecraft:damage_taken":240,"minecraft:walk_one_cm":78538,"minecraft:damage_dealt":2036,"minecraft:swim_one_cm":14354,"minecraft:fly_one_cm":268959,"minecraft:open_chest":1,"minecraft:crouch_one_cm":10237,"minecraft:play_time":65638,"minecraft:sneak_time":2588,"minecraft:walk_under_water_one_cm":3472,"minecraft:jump":1057,"minecraft:walk_on_water_one_cm":3911,"minecraft:total_world_time":65638,"minecraft:fall_one_cm":37415}},"DataVersion":3465}