{"stats":{"minecraft:used":{"minecraft:stone_sword":36,"minecraft:stone_pickaxe":69,"minecraft:wooden_pickaxe":48,"botania:black_mystical_flower":2,"minecraft:dirt":32,"minecraft:mutton":24,"minecraft:crafting_table":6,"minecraft:carrot":5,"minecraft:bread":11,"minecraft:stone_axe":2,"minecraft:wooden_sword":66,"minecraft:beef":6,"minecraft:furnace":4,"minecraft:oak_sapling":1,"quark:oak_chest":2},"minecraft:mined":{"minecraft:smithing_table":1,"minecraft:mossy_cobblestone":1,"quark:oak_chest":1,"botania:red_mushroom":1,"cobblemon:big_root":6,"minecraft:brewing_stand":1,"minecraft:crafting_table":5,"cobblemon:apricorn_leaves":19,"botania:yellow_double_flower":1,"minecraft:blast_furnace":1,"cobblemon:pink_apricorn":3,"minecraft:grass_block":21,"minecraft:copper_ore":9,"minecraft:tall_grass":2,"minecraft:cobblestone":2,"botania:black_double_flower":1,"biomesoplenty:huge_clover_petal":4,"minecraft:sugar_cane":6,"botania:black_mystical_flower":2,"minecraft:hay_block":32,"minecraft:furnace":3,"minecraft:carrots":5,"minecraft:cobbled_deepslate":2,"minecraft:iron_ore":3,"minecraft:wheat":1,"minecraft:grass":19,"biomesoplenty:clover":4,"minecraft:oak_log":10,"minecraft:potatoes":1,"minecraft:coal_ore":13,"minecraft:vine":1,"minecraft:dirt":56,"minecraft:cobweb":4,"minecraft:stonecutter":1,"minecraft:stone":60,"minecraft:oak_leaves":6},"minecraft:broken":{"minecraft:wooden_sword":1},"minecraft:picked_up":{"minecraft:crafting_table":5,"cobblemon:yellow_apricorn":4,"minecraft:leather":9,"minecraft:brown_wool":1,"minecraft:smithing_table":1,"botania:black_double_flower":1,"minecraft:potato":1,"minecraft:oak_log":10,"minecraft:brewing_stand":1,"botania:red_mushroom":1,"minecraft:string":10,"minecraft:dirt":77,"minecraft:raw_copper":21,"botania:black_mystical_flower":2,"minecraft:bone":2,"minecraft:kelp":3,"minecraft:stonecutter":1,"cobblemon:black_apricorn":2,"minecraft:wheat_seeds":3,"minecraft:cobbled_deepslate":2,"minecraft:beef":11,"cobblemon:big_root":6,"minecraft:sugar_cane":11,"minecraft:furnace":3,"minecraft:stick":2,"minecraft:raw_iron":3,"botania:yellow_double_flower":1,"cobblemon:black_apricorn_seed":1,"minecraft:porkchop":7,"cobblemon:yellow_apricorn_seed":1,"cobblemon:pink_apricorn":5,"minecraft:carrot":5,"cobblemon:aspear_berry":8,"quark:oak_chest":1,"minecraft:spider_eye":1,"minecraft:arrow":2,"minecraft:rotten_flesh":3,"minecraft:slime_ball":2,"minecraft:hay_block":32,"minecraft:gray_wool":2,"supplementaries:ash":2,"minecraft:oak_sapling":2,"minecraft:mutton":24,"minecraft:coal":13,"minecraft:white_wool":11,"minecraft:cobblestone":59},"minecraft:dropped":{"minecraft:wheat_seeds":5,"minecraft:dirt":9},"minecraft:crafted":{"minecraft:wooden_sword":1,"minecraft:oak_planks":40,"sophisticatedbackpacks:backpack":1,"minecraft:crafting_table":1,"minecraft:wooden_pickaxe":1,"minecraft:furnace":1,"minecraft:stone_axe":1,"minecraft:bread":15,"minecraft:stick":28,"quark:oak_chest":2,"minecraft:stone_pickaxe":2,"minecraft:stone_sword":1,"minecraft:torch":8,"minecraft:wheat":45},"minecraft:killed":{"minecraft:pig":3,"cobblemon:pokemon":1,"minecraft:spider":4,"minecraft:skeleton":1,"minecraft:sheep":13,"minecraft:zombie":5,"minecraft:cow":6},"minecraft:custom":{"minecraft:interact_with_furnace":2,"minecraft:mob_kills":33,"minecraft:interact_with_crafting_table":20,"minecraft:open_barrel":1,"minecraft:leave_game":4,"minecraft:time_since_death":101638,"minecraft:sleep_in_bed":1,"minecraft:climb_one_cm":11682,"minecraft:time_since_rest":47604,"minecraft:waystone_activated":4,"minecraft:sprint_one_cm":214362,"minecraft:damage_taken":760,"minecraft:walk_one_cm":135740,"minecraft:drop":2,"minecraft:damage_dealt":3424,"minecraft:swim_one_cm":105755,"minecraft:fly_one_cm":406210,"minecraft:open_chest":9,"minecraft:crouch_one_cm":15804,"minecraft:play_time":101638,"tombstone:undead_killed":6,"minecraft:sneak_time":4527,"minecraft:walk_under_water_one_cm":7411,"minecraft:jump":1617,"minecraft:walk_on_water_one_cm":11973,"minecraft:total_world_time":101638,"minecraft:fall_one_cm":52014}},"DataVersion":3465}