{"stats":{"minecraft:mined":{"minecraft:oak_log":6,"minecraft:oak_leaves":10,"quark:yellow_blossom_leaves":6},"minecraft:picked_up":{"minecraft:oak_log":6},"minecraft:custom":{"minecraft:jump":129,"minecraft:time_since_rest":9368,"minecraft:waystone_activated":1,"minecraft:crouch_one_cm":7,"minecraft:sprint_one_cm":24095,"minecraft:leave_game":9,"minecraft:play_time":9368,"minecraft:time_since_death":9368,"minecraft:walk_one_cm":13476,"minecraft:sneak_time":7,"minecraft:total_world_time":9368,"minecraft:fall_one_cm":5180,"minecraft:fly_one_cm":45372}},"DataVersion":3465}