{"stats":{"minecraft:used":{"minecraft:wooden_axe":26,"minecraft:beef":4,"minecraft:crafting_table":2,"minecraft:wooden_pickaxe":6},"minecraft:mined":{"minecraft:grass":6,"minecraft:oak_log":6,"quark:yellow_blossom_leaves":6,"minecraft:tall_grass":2,"minecraft:stone":5,"minecraft:oak_leaves":10,"minecraft:crafting_table":2,"paraglider:goddess_statue":1},"minecraft:picked_up":{"minecraft:stick":3,"minecraft:crafting_table":2,"minecraft:rotten_flesh":2,"minecraft:leather":1,"cobblemon:black_apricorn":2,"minecraft:wheat_seeds":2,"minecraft:beef":6,"minecraft:oak_log":6,"paraglider:goddess_statue":1,"minecraft:cobblestone":5},"minecraft:crafted":{"minecraft:oak_planks":16,"minecraft:crafting_table":1,"minecraft:stick":12,"minecraft:stone_pickaxe":1,"minecraft:wooden_pickaxe":1,"minecraft:wooden_axe":1},"minecraft:killed":{"minecraft:zombie":1,"minecraft:cow":2},"minecraft:custom":{"tombstone:undead_killed":1,"minecraft:time_since_rest":16047,"minecraft:waystone_activated":1,"minecraft:crouch_one_cm":7,"minecraft:play_time":16047,"minecraft:sprint_one_cm":50644,"minecraft:damage_taken":125,"minecraft:walk_one_cm":28407,"minecraft:sneak_time":7,"minecraft:mob_kills":3,"minecraft:jump":289,"minecraft:damage_dealt":391,"minecraft:leave_game":10,"minecraft:time_since_death":16047,"minecraft:total_world_time":16047,"minecraft:interact_with_crafting_table":4,"minecraft:fall_one_cm":10528,"minecraft:fly_one_cm":77357}},"DataVersion":3465}