{"stats":{"minecraft:used":{"minecraft:beetroot":4,"minecraft:stone_pickaxe":78,"minecraft:stone_shovel":62,"minecraft:wooden_pickaxe":7,"biomesoplenty:lavender":4,"minecraft:torch":8,"minecraft:dirt":57,"minecraft:crafting_table":5,"minecraft:carrot":1,"quark:blossom_boat":3,"minecraft:iron_pickaxe":3,"minecraft:stone_axe":157,"minecraft:oak_sapling":1,"minecraft:furnace":1,"minecraft:porkchop":4,"tombstone:gift":1,"minecraft:potato":1},"minecraft:killed_by":{"cobblemon:pokemon":1},"minecraft:mined":{"quark:yellow_blossom_leaves":12,"minecraft:crafting_table":4,"minecraft:grass_block":30,"quark:blossom_log":2,"minecraft:tall_grass":6,"minecraft:wall_torch":8,"minecraft:furnace":1,"minecraft:iron_ore":3,"biomesoplenty:lavender":5,"minecraft:pumpkin":6,"minecraft:grass":49,"minecraft:coal_ore":19,"minecraft:oak_log":19,"minecraft:dirt":56,"minecraft:stone":65,"minecraft:oak_leaves":4},"minecraft:picked_up":{"biomesoplenty:lavender":4,"minecraft:crafting_table":4,"minecraft:brown_wool":1,"minecraft:potato":1,"minecraft:oak_log":19,"minecraft:dirt":86,"minecraft:beetroot":4,"minecraft:kelp":7,"minecraft:wheat_seeds":9,"minecraft:furnace":1,"minecraft:raw_iron":3,"minecraft:pumpkin":6,"minecraft:torch":8,"minecraft:porkchop":10,"quark:blossom_log":2,"minecraft:carrot":1,"minecraft:rotten_flesh":3,"minecraft:beetroot_seeds":1,"supplementaries:ash":1,"minecraft:oak_sapling":1,"minecraft:mutton":6,"quark:blossom_boat":2,"minecraft:coal":19,"minecraft:white_wool":2,"minecraft:cobblestone":65},"minecraft:dropped":{"minecraft:stone_axe":1,"minecraft:kelp":7,"minecraft:wheat_seeds":9,"minecraft:rotten_flesh":3,"minecraft:dirt":4,"supplementaries:ash":1,"minecraft:beetroot_seeds":1},"minecraft:crafted":{"minecraft:oak_planks":76,"minecraft:stone_shovel":1,"quark:blossom_planks":8,"minecraft:crafting_table":2,"minecraft:wooden_pickaxe":1,"minecraft:furnace":1,"minecraft:stone_axe":2,"quark:blossom_boat":1,"minecraft:stick":12,"minecraft:iron_ingot":3,"minecraft:iron_pickaxe":1,"minecraft:stone_pickaxe":1,"minecraft:wooden_axe":1,"minecraft:torch":4},"minecraft:killed":{"minecraft:pig":6,"cobblemon:pokemon":1,"minecraft:sheep":4,"minecraft:zombie":4},"minecraft:custom":{"minecraft:interact_with_furnace":4,"minecraft:mob_kills":15,"minecraft:interact_with_crafting_table":10,"minecraft:time_since_death":6608,"minecraft:time_since_rest":5627,"minecraft:waystone_activated":1,"minecraft:sprint_one_cm":93415,"minecraft:damage_taken":597,"minecraft:walk_one_cm":128570,"minecraft:drop":21,"minecraft:damage_dealt":1644,"minecraft:swim_one_cm":24966,"minecraft:fly_one_cm":88205,"minecraft:crouch_one_cm":4993,"minecraft:play_time":41561,"tombstone:undead_killed":4,"minecraft:deaths":2,"minecraft:sneak_time":1980,"minecraft:walk_under_water_one_cm":1377,"minecraft:boat_one_cm":99537,"minecraft:jump":645,"minecraft:walk_on_water_one_cm":4125,"minecraft:total_world_time":41561,"minecraft:fall_one_cm":7365}},"DataVersion":3465}