{"stats":{"minecraft:used":{"minecraft:stone_shovel":59,"minecraft:stone_pickaxe":78,"minecraft:iron_pickaxe":3,"minecraft:wooden_pickaxe":7,"minecraft:torch":8,"minecraft:stone_axe":71,"minecraft:dirt":54,"minecraft:crafting_table":3,"minecraft:furnace":1,"minecraft:porkchop":2,"minecraft:potato":1},"minecraft:mined":{"minecraft:furnace":1,"minecraft:iron_ore":3,"minecraft:pumpkin":6,"minecraft:crafting_table":2,"minecraft:grass":18,"minecraft:oak_log":4,"minecraft:grass_block":28,"minecraft:coal_ore":19,"minecraft:dirt":53,"minecraft:tall_grass":6,"minecraft:stone":65,"minecraft:wall_torch":8},"minecraft:picked_up":{"minecraft:raw_iron":3,"minecraft:crafting_table":2,"minecraft:pumpkin":6,"minecraft:brown_wool":1,"minecraft:torch":8,"minecraft:potato":1,"minecraft:porkchop":2,"minecraft:oak_log":4,"minecraft:carrot":1,"minecraft:dirt":81,"minecraft:rotten_flesh":3,"minecraft:beetroot":4,"minecraft:kelp":7,"minecraft:beetroot_seeds":1,"minecraft:wheat_seeds":8,"supplementaries:ash":1,"minecraft:mutton":4,"minecraft:coal":19,"minecraft:white_wool":1,"minecraft:cobblestone":65,"minecraft:furnace":1},"minecraft:dropped":{"minecraft:stone_axe":1,"minecraft:dirt":4,"supplementaries:ash":1,"minecraft:kelp":7,"minecraft:wheat_seeds":8,"minecraft:beetroot_seeds":1,"minecraft:rotten_flesh":3},"minecraft:crafted":{"minecraft:oak_planks":16,"minecraft:stone_shovel":1,"minecraft:crafting_table":2,"minecraft:stick":12,"minecraft:iron_pickaxe":1,"minecraft:iron_ingot":3,"minecraft:wooden_pickaxe":1,"minecraft:stone_pickaxe":1,"minecraft:wooden_axe":1,"minecraft:furnace":1,"minecraft:torch":4,"minecraft:stone_axe":1},"minecraft:killed":{"minecraft:sheep":2,"minecraft:zombie":4,"minecraft:pig":2},"minecraft:custom":{"minecraft:time_since_rest":2548,"minecraft:interact_with_furnace":4,"minecraft:sprint_one_cm":60874,"minecraft:damage_taken":225,"minecraft:walk_one_cm":102015,"minecraft:mob_kills":8,"minecraft:drop":20,"minecraft:damage_dealt":894,"minecraft:swim_one_cm":721,"minecraft:interact_with_crafting_table":8,"minecraft:fly_one_cm":56852,"minecraft:deaths":1,"minecraft:crouch_one_cm":4444,"minecraft:play_time":29561,"tombstone:undead_killed":4,"minecraft:walk_under_water_one_cm":75,"minecraft:sneak_time":1846,"minecraft:jump":452,"minecraft:walk_on_water_one_cm":213,"minecraft:time_since_death":3466,"minecraft:total_world_time":29561,"minecraft:fall_one_cm":4519}},"DataVersion":3465}