{"stats":{"minecraft:used":{"minecraft:beetroot":4,"minecraft:cooked_mutton":6,"minecraft:water_bucket":1,"minecraft:mossy_stone_bricks":2,"minecraft:stone_pickaxe":125,"minecraft:stone_shovel":66,"minecraft:wooden_pickaxe":7,"biomesoplenty:lavender":4,"minecraft:torch":37,"minecraft:mossy_cobblestone":1,"minecraft:dirt":87,"minecraft:crafting_table":8,"minecraft:carrot":1,"minecraft:azure_bluet":1,"quark:blossom_boat":7,"minecraft:wooden_axe":43,"minecraft:black_wool":1,"minecraft:iron_axe":79,"minecraft:iron_pickaxe":36,"minecraft:stone_bricks":2,"minecraft:stone_axe":167,"quark:black_corundum_cluster":1,"minecraft:cooked_porkchop":5,"minecraft:oak_sapling":1,"minecraft:furnace":4,"minecraft:porkchop":4,"minecraft:bucket":2,"tombstone:gift":1,"minecraft:cobbled_deepslate":26,"minecraft:potato":1},"minecraft:killed_by":{"cobblemon:pokemon":1},"minecraft:mined":{"quark:yellow_blossom_leaves":12,"minecraft:deepslate_diamond_ore":3,"minecraft:sea_lantern":1,"minecraft:crafting_table":5,"minecraft:grass_block":32,"quark:blossom_log":2,"minecraft:tall_grass":6,"biomesoplenty:huge_clover_petal":7,"minecraft:wall_torch":17,"minecraft:furnace":4,"minecraft:cobbled_deepslate":4,"minecraft:iron_ore":10,"biomesoplenty:lavender":5,"minecraft:pumpkin":6,"minecraft:azure_bluet":1,"quark:black_corundum_cluster":1,"minecraft:grass":61,"biomesoplenty:clover":18,"minecraft:coal_ore":21,"minecraft:oak_log":19,"minecraft:vine":3,"minecraft:dirt":60,"minecraft:stone_bricks":2,"minecraft:stone":87,"minecraft:mossy_stone_bricks":2,"minecraft:deepslate":24,"minecraft:oak_leaves":4},"minecraft:broken":{"minecraft:stone_axe":1,"minecraft:wooden_axe":1},"minecraft:picked_up":{"biomesoplenty:lavender":4,"minecraft:crafting_table":5,"minecraft:azure_bluet":1,"minecraft:brown_wool":1,"minecraft:potato":1,"quark:black_corundum_cluster":1,"minecraft:oak_log":19,"minecraft:dirt":91,"minecraft:beetroot":4,"minecraft:stone_bricks":2,"minecraft:kelp":7,"minecraft:wheat_seeds":10,"minecraft:cobbled_deepslate":26,"minecraft:mossy_stone_bricks":2,"minecraft:furnace":4,"minecraft:raw_iron":10,"minecraft:pumpkin":6,"minecraft:torch":18,"minecraft:porkchop":16,"quark:blossom_log":2,"minecraft:carrot":1,"minecraft:prismarine_crystals":3,"minecraft:mossy_cobblestone":1,"minecraft:rotten_flesh":3,"minecraft:diamond":3,"minecraft:beetroot_seeds":1,"supplementaries:ash":1,"minecraft:oak_sapling":1,"minecraft:black_wool":1,"minecraft:mutton":19,"quark:blossom_boat":7,"minecraft:coal":31,"minecraft:white_wool":9,"minecraft:cobblestone":89},"minecraft:dropped":{"minecraft:stone_axe":1,"minecraft:kelp":7,"minecraft:wheat_seeds":9,"minecraft:rotten_flesh":3,"minecraft:dirt":4,"supplementaries:ash":3,"minecraft:beetroot_seeds":1},"minecraft:crafted":{"minecraft:oak_planks":76,"minecraft:stone_shovel":1,"quark:blossom_planks":8,"minecraft:cooked_porkchop":6,"minecraft:crafting_table":3,"minecraft:wooden_pickaxe":1,"minecraft:furnace":3,"minecraft:bucket":1,"minecraft:stone_axe":2,"quark:blossom_boat":1,"minecraft:cooked_mutton":6,"minecraft:iron_axe":1,"minecraft:stick":20,"minecraft:iron_ingot":9,"minecraft:iron_pickaxe":1,"minecraft:stone_pickaxe":1,"minecraft:wooden_axe":1,"minecraft:torch":24},"minecraft:killed":{"minecraft:pig":9,"cobblemon:pokemon":1,"minecraft:sheep":12,"minecraft:zombie":9},"minecraft:custom":{"minecraft:interact_with_smithing_table":1,"minecraft:interact_with_furnace":19,"minecraft:mob_kills":31,"minecraft:interact_with_crafting_table":15,"minecraft:open_barrel":1,"minecraft:time_since_death":48608,"minecraft:climb_one_cm":15386,"minecraft:time_since_rest":47627,"minecraft:waystone_activated":2,"minecraft:sprint_one_cm":192270,"minecraft:damage_taken":1198,"minecraft:walk_one_cm":220656,"minecraft:drop":22,"minecraft:damage_dealt":4923,"minecraft:swim_one_cm":42515,"minecraft:fly_one_cm":200977,"minecraft:open_chest":2,"minecraft:crouch_one_cm":24327,"minecraft:play_time":83561,"tombstone:undead_killed":9,"minecraft:deaths":2,"minecraft:sneak_time":6272,"minecraft:walk_under_water_one_cm":7819,"minecraft:boat_one_cm":384484,"minecraft:jump":1317,"minecraft:walk_on_water_one_cm":10217,"minecraft:total_world_time":83561,"minecraft:fall_one_cm":23023}},"DataVersion":3465}