{"stats":{"minecraft:used":{"minecraft:beetroot":4,"minecraft:cooked_mutton":6,"minecraft:mossy_stone_bricks":2,"minecraft:stone_pickaxe":125,"minecraft:stone_shovel":62,"minecraft:wooden_pickaxe":7,"biomesoplenty:lavender":4,"minecraft:torch":14,"minecraft:mossy_cobblestone":1,"minecraft:dirt":72,"minecraft:crafting_table":7,"minecraft:carrot":1,"minecraft:azure_bluet":1,"quark:blossom_boat":7,"minecraft:wooden_axe":43,"minecraft:black_wool":1,"minecraft:iron_axe":20,"minecraft:iron_pickaxe":3,"minecraft:stone_axe":167,"quark:black_corundum_cluster":1,"minecraft:cooked_porkchop":3,"minecraft:oak_sapling":1,"minecraft:furnace":4,"minecraft:porkchop":4,"tombstone:gift":1,"minecraft:potato":1},"minecraft:killed_by":{"cobblemon:pokemon":1},"minecraft:mined":{"quark:yellow_blossom_leaves":12,"minecraft:sea_lantern":1,"minecraft:crafting_table":5,"minecraft:grass_block":31,"quark:blossom_log":2,"minecraft:tall_grass":6,"biomesoplenty:huge_clover_petal":7,"minecraft:wall_torch":13,"minecraft:furnace":4,"minecraft:iron_ore":10,"biomesoplenty:lavender":5,"minecraft:pumpkin":6,"minecraft:azure_bluet":1,"quark:black_corundum_cluster":1,"minecraft:grass":61,"biomesoplenty:clover":18,"minecraft:coal_ore":21,"minecraft:oak_log":19,"minecraft:dirt":59,"minecraft:stone":87,"minecraft:mossy_stone_bricks":2,"minecraft:oak_leaves":4},"minecraft:broken":{"minecraft:stone_axe":1,"minecraft:wooden_axe":1},"minecraft:picked_up":{"biomesoplenty:lavender":4,"minecraft:crafting_table":5,"minecraft:azure_bluet":1,"minecraft:brown_wool":1,"minecraft:potato":1,"quark:black_corundum_cluster":1,"minecraft:oak_log":19,"minecraft:dirt":90,"minecraft:beetroot":4,"minecraft:kelp":7,"minecraft:wheat_seeds":10,"minecraft:mossy_stone_bricks":2,"minecraft:furnace":4,"minecraft:raw_iron":10,"minecraft:pumpkin":6,"minecraft:torch":13,"minecraft:porkchop":16,"quark:blossom_log":2,"minecraft:carrot":1,"minecraft:prismarine_crystals":3,"minecraft:mossy_cobblestone":1,"minecraft:rotten_flesh":3,"minecraft:beetroot_seeds":1,"supplementaries:ash":1,"minecraft:oak_sapling":1,"minecraft:black_wool":1,"minecraft:mutton":19,"quark:blossom_boat":7,"minecraft:coal":31,"minecraft:white_wool":9,"minecraft:cobblestone":89},"minecraft:dropped":{"minecraft:stone_axe":1,"minecraft:kelp":7,"minecraft:wheat_seeds":9,"minecraft:rotten_flesh":3,"minecraft:dirt":4,"supplementaries:ash":3,"minecraft:beetroot_seeds":1},"minecraft:crafted":{"minecraft:oak_planks":76,"minecraft:stone_shovel":1,"quark:blossom_planks":8,"minecraft:cooked_porkchop":6,"minecraft:crafting_table":2,"minecraft:wooden_pickaxe":1,"minecraft:furnace":3,"minecraft:stone_axe":2,"quark:blossom_boat":1,"minecraft:cooked_mutton":6,"minecraft:iron_axe":1,"minecraft:stick":20,"minecraft:iron_ingot":9,"minecraft:iron_pickaxe":1,"minecraft:stone_pickaxe":1,"minecraft:wooden_axe":1,"minecraft:torch":24},"minecraft:killed":{"minecraft:pig":9,"cobblemon:pokemon":1,"minecraft:sheep":12,"minecraft:zombie":4},"minecraft:custom":{"minecraft:interact_with_furnace":19,"minecraft:mob_kills":26,"minecraft:interact_with_crafting_table":13,"minecraft:time_since_death":36608,"minecraft:climb_one_cm":287,"minecraft:time_since_rest":35627,"minecraft:waystone_activated":2,"minecraft:sprint_one_cm":184584,"minecraft:damage_taken":978,"minecraft:walk_one_cm":188657,"minecraft:drop":22,"minecraft:damage_dealt":2689,"minecraft:swim_one_cm":42515,"minecraft:fly_one_cm":200680,"minecraft:open_chest":1,"minecraft:crouch_one_cm":6639,"minecraft:play_time":71561,"tombstone:undead_killed":4,"minecraft:deaths":2,"minecraft:sneak_time":2512,"minecraft:walk_under_water_one_cm":7819,"minecraft:boat_one_cm":384484,"minecraft:jump":1254,"minecraft:walk_on_water_one_cm":9248,"minecraft:total_world_time":71561,"minecraft:fall_one_cm":22163}},"DataVersion":3465}