{"stats":{"minecraft:used":{"minecraft:stone_shovel":57,"minecraft:stone_pickaxe":71,"minecraft:wooden_pickaxe":7,"minecraft:torch":2,"minecraft:stone_axe":1,"minecraft:dirt":17,"minecraft:crafting_table":3,"minecraft:furnace":1,"minecraft:porkchop":2},"minecraft:mined":{"minecraft:iron_ore":3,"minecraft:crafting_table":1,"minecraft:grass":13,"minecraft:oak_log":4,"minecraft:grass_block":27,"minecraft:coal_ore":19,"minecraft:dirt":41,"minecraft:stone":56},"minecraft:picked_up":{"minecraft:raw_iron":3,"minecraft:crafting_table":1,"minecraft:porkchop":2,"minecraft:oak_log":4,"minecraft:dirt":68,"minecraft:kelp":7,"minecraft:wheat_seeds":7,"minecraft:coal":19,"minecraft:cobblestone":56},"minecraft:dropped":{"minecraft:dirt":4,"minecraft:kelp":7,"minecraft:wheat_seeds":7},"minecraft:crafted":{"minecraft:oak_planks":16,"minecraft:stone_shovel":1,"minecraft:crafting_table":2,"minecraft:stick":8,"minecraft:wooden_pickaxe":1,"minecraft:stone_pickaxe":1,"minecraft:wooden_axe":1,"minecraft:furnace":1,"minecraft:torch":4,"minecraft:stone_axe":1},"minecraft:killed":{"minecraft:pig":2},"minecraft:custom":{"minecraft:time_since_rest":17561,"minecraft:interact_with_furnace":1,"minecraft:sprint_one_cm":22585,"minecraft:damage_taken":20,"minecraft:walk_one_cm":73889,"minecraft:mob_kills":2,"minecraft:drop":13,"minecraft:damage_dealt":201,"minecraft:interact_with_crafting_table":7,"minecraft:fly_one_cm":16183,"minecraft:crouch_one_cm":1979,"minecraft:play_time":17561,"minecraft:sneak_time":685,"minecraft:jump":212,"minecraft:time_since_death":17561,"minecraft:total_world_time":17561,"minecraft:fall_one_cm":1835}},"DataVersion":3465}