{"stats":{"minecraft:used":{"minecraft:beetroot":4,"minecraft:cooked_mutton":3,"minecraft:stone_pickaxe":121,"minecraft:stone_shovel":62,"minecraft:wooden_pickaxe":7,"biomesoplenty:lavender":4,"minecraft:torch":10,"minecraft:dirt":62,"minecraft:crafting_table":6,"minecraft:carrot":1,"quark:blossom_boat":3,"minecraft:wooden_axe":36,"minecraft:iron_pickaxe":3,"minecraft:stone_axe":167,"quark:black_corundum_cluster":1,"minecraft:oak_sapling":1,"minecraft:furnace":4,"minecraft:porkchop":4,"tombstone:gift":1,"minecraft:potato":1},"minecraft:killed_by":{"cobblemon:pokemon":1},"minecraft:mined":{"quark:yellow_blossom_leaves":12,"minecraft:crafting_table":5,"minecraft:grass_block":30,"quark:blossom_log":2,"minecraft:tall_grass":6,"biomesoplenty:huge_clover_petal":3,"minecraft:wall_torch":10,"minecraft:furnace":4,"minecraft:iron_ore":9,"biomesoplenty:lavender":5,"minecraft:pumpkin":6,"quark:black_corundum_cluster":1,"minecraft:grass":51,"biomesoplenty:clover":10,"minecraft:coal_ore":21,"minecraft:oak_log":19,"minecraft:dirt":58,"minecraft:stone":87,"minecraft:oak_leaves":4},"minecraft:broken":{"minecraft:stone_axe":1},"minecraft:picked_up":{"biomesoplenty:lavender":4,"minecraft:crafting_table":5,"minecraft:brown_wool":1,"minecraft:potato":1,"quark:black_corundum_cluster":1,"minecraft:oak_log":19,"minecraft:dirt":88,"minecraft:beetroot":4,"minecraft:kelp":7,"minecraft:wheat_seeds":10,"minecraft:furnace":4,"minecraft:raw_iron":9,"minecraft:pumpkin":6,"minecraft:torch":10,"minecraft:porkchop":10,"quark:blossom_log":2,"minecraft:carrot":1,"minecraft:mossy_cobblestone":1,"minecraft:rotten_flesh":3,"minecraft:beetroot_seeds":1,"supplementaries:ash":1,"minecraft:oak_sapling":1,"minecraft:mutton":13,"quark:blossom_boat":3,"minecraft:coal":31,"minecraft:white_wool":6,"minecraft:cobblestone":89},"minecraft:dropped":{"minecraft:stone_axe":1,"minecraft:kelp":7,"minecraft:wheat_seeds":9,"minecraft:rotten_flesh":3,"minecraft:dirt":4,"supplementaries:ash":3,"minecraft:beetroot_seeds":1},"minecraft:crafted":{"minecraft:oak_planks":76,"minecraft:stone_shovel":1,"quark:blossom_planks":8,"minecraft:cooked_porkchop":6,"minecraft:crafting_table":2,"minecraft:wooden_pickaxe":1,"minecraft:furnace":3,"minecraft:stone_axe":2,"quark:blossom_boat":1,"minecraft:cooked_mutton":6,"minecraft:iron_axe":1,"minecraft:stick":20,"minecraft:iron_ingot":9,"minecraft:iron_pickaxe":1,"minecraft:stone_pickaxe":1,"minecraft:wooden_axe":1,"minecraft:torch":4},"minecraft:killed":{"minecraft:pig":6,"cobblemon:pokemon":1,"minecraft:sheep":8,"minecraft:zombie":4},"minecraft:custom":{"minecraft:interact_with_furnace":19,"minecraft:mob_kills":19,"minecraft:interact_with_crafting_table":12,"minecraft:time_since_death":18608,"minecraft:time_since_rest":17627,"minecraft:waystone_activated":1,"minecraft:sprint_one_cm":121237,"minecraft:damage_taken":717,"minecraft:walk_one_cm":156954,"minecraft:drop":22,"minecraft:damage_dealt":2038,"minecraft:swim_one_cm":27210,"minecraft:fly_one_cm":115211,"minecraft:crouch_one_cm":5084,"minecraft:play_time":53561,"tombstone:undead_killed":4,"minecraft:deaths":2,"minecraft:sneak_time":2020,"minecraft:walk_under_water_one_cm":1646,"minecraft:boat_one_cm":191061,"minecraft:jump":831,"minecraft:walk_on_water_one_cm":4510,"minecraft:total_world_time":53561,"minecraft:fall_one_cm":9989}},"DataVersion":3465}