{"stats":{"minecraft:used":{"minecraft:beetroot":4,"minecraft:cooked_mutton":5,"minecraft:stone_pickaxe":122,"minecraft:stone_shovel":62,"minecraft:wooden_pickaxe":7,"biomesoplenty:lavender":4,"minecraft:torch":10,"minecraft:mossy_cobblestone":1,"minecraft:dirt":62,"minecraft:crafting_table":6,"minecraft:carrot":1,"minecraft:azure_bluet":1,"quark:blossom_boat":4,"minecraft:wooden_axe":43,"minecraft:black_wool":1,"minecraft:iron_axe":20,"minecraft:iron_pickaxe":3,"minecraft:stone_axe":167,"quark:black_corundum_cluster":1,"minecraft:oak_sapling":1,"minecraft:furnace":4,"minecraft:porkchop":4,"tombstone:gift":1,"minecraft:potato":1},"minecraft:killed_by":{"cobblemon:pokemon":1},"minecraft:mined":{"quark:yellow_blossom_leaves":12,"minecraft:crafting_table":5,"minecraft:grass_block":30,"quark:blossom_log":2,"minecraft:tall_grass":6,"biomesoplenty:huge_clover_petal":7,"minecraft:wall_torch":10,"minecraft:furnace":4,"minecraft:iron_ore":10,"biomesoplenty:lavender":5,"minecraft:pumpkin":6,"minecraft:azure_bluet":1,"quark:black_corundum_cluster":1,"minecraft:grass":61,"biomesoplenty:clover":18,"minecraft:coal_ore":21,"minecraft:oak_log":19,"minecraft:dirt":58,"minecraft:stone":87,"minecraft:oak_leaves":4},"minecraft:broken":{"minecraft:stone_axe":1,"minecraft:wooden_axe":1},"minecraft:picked_up":{"biomesoplenty:lavender":4,"minecraft:crafting_table":5,"minecraft:azure_bluet":1,"minecraft:brown_wool":1,"minecraft:potato":1,"quark:black_corundum_cluster":1,"minecraft:oak_log":19,"minecraft:dirt":88,"minecraft:beetroot":4,"minecraft:kelp":7,"minecraft:wheat_seeds":10,"minecraft:furnace":4,"minecraft:raw_iron":10,"minecraft:pumpkin":6,"minecraft:torch":10,"minecraft:porkchop":16,"quark:blossom_log":2,"minecraft:carrot":1,"minecraft:mossy_cobblestone":1,"minecraft:rotten_flesh":3,"minecraft:beetroot_seeds":1,"supplementaries:ash":1,"minecraft:oak_sapling":1,"minecraft:black_wool":1,"minecraft:mutton":19,"quark:blossom_boat":4,"minecraft:coal":31,"minecraft:white_wool":9,"minecraft:cobblestone":89},"minecraft:dropped":{"minecraft:stone_axe":1,"minecraft:kelp":7,"minecraft:wheat_seeds":9,"minecraft:rotten_flesh":3,"minecraft:dirt":4,"supplementaries:ash":3,"minecraft:beetroot_seeds":1},"minecraft:crafted":{"minecraft:oak_planks":76,"minecraft:stone_shovel":1,"quark:blossom_planks":8,"minecraft:cooked_porkchop":6,"minecraft:crafting_table":2,"minecraft:wooden_pickaxe":1,"minecraft:furnace":3,"minecraft:stone_axe":2,"quark:blossom_boat":1,"minecraft:cooked_mutton":6,"minecraft:iron_axe":1,"minecraft:stick":20,"minecraft:iron_ingot":9,"minecraft:iron_pickaxe":1,"minecraft:stone_pickaxe":1,"minecraft:wooden_axe":1,"minecraft:torch":4},"minecraft:killed":{"minecraft:pig":9,"cobblemon:pokemon":1,"minecraft:sheep":12,"minecraft:zombie":4},"minecraft:custom":{"minecraft:interact_with_furnace":19,"minecraft:mob_kills":26,"minecraft:interact_with_crafting_table":12,"minecraft:time_since_death":24608,"minecraft:time_since_rest":23627,"minecraft:waystone_activated":2,"minecraft:sprint_one_cm":151994,"minecraft:damage_taken":737,"minecraft:walk_one_cm":171294,"minecraft:drop":22,"minecraft:damage_dealt":2661,"minecraft:swim_one_cm":32868,"minecraft:fly_one_cm":164659,"minecraft:crouch_one_cm":5084,"minecraft:play_time":59561,"tombstone:undead_killed":4,"minecraft:deaths":2,"minecraft:sneak_time":2021,"minecraft:walk_under_water_one_cm":2154,"minecraft:boat_one_cm":243077,"minecraft:jump":1114,"minecraft:walk_on_water_one_cm":6238,"minecraft:total_world_time":59561,"minecraft:fall_one_cm":19806}},"DataVersion":3465}