{"stats":{"minecraft:used":{"quark:blossom_log":4,"minecraft:cooked_mutton":1,"minecraft:stone_pickaxe":254,"minecraft:wooden_pickaxe":7,"minecraft:shield":7,"minecraft:sandstone":1,"minecraft:iron_sword":92,"minecraft:cooked_chicken":3,"minecraft:rotten_flesh":5,"minecraft:iron_chestplate":1,"minecraft:torch":62,"minecraft:sand":1,"minecraft:crafting_table":6,"minecraft:granite":7,"minecraft:iron_pickaxe":130,"minecraft:iron_helmet":1,"minecraft:iron_boots":1,"cobblemon:apricorn_planks":1,"minecraft:stone_axe":84,"minecraft:cobblestone":95,"minecraft:furnace":3,"minecraft:cooked_rabbit":1,"minecraft:andesite":12,"tombstone:gift":1,"minecraft:egg":2,"minecraft:cooked_beef":2,"minecraft:iron_leggings":1},"minecraft:killed_by":{"minecraft:skeleton":1},"minecraft:mined":{"minecraft:tuff":3,"quark:yellow_blossom_leaves":9,"minecraft:deepslate_diamond_ore":1,"cobblemon:apricorn_log":5,"minecraft:carved_pumpkin":3,"minecraft:crafting_table":6,"cobblemon:apricorn_leaves":1,"minecraft:granite":30,"biomesoplenty:bush":3,"minecraft:grass_block":2,"minecraft:oak_wood":10,"quark:blossom_log":17,"supplementaries:wild_flax":2,"minecraft:copper_ore":3,"minecraft:cobblestone":6,"minecraft:spruce_leaves":2,"biomesoplenty:sprout":1,"minecraft:sandstone":1,"minecraft:wall_torch":1,"supplementaries:urn":3,"minecraft:furnace":3,"cobblemon:bluk_berry":1,"minecraft:sweet_berry_bush":4,"minecraft:iron_ore":26,"minecraft:spruce_log":15,"minecraft:andesite":12,"minecraft:stripped_oak_wood":1,"minecraft:pumpkin":4,"minecraft:grass":5,"minecraft:oak_log":20,"minecraft:coal_ore":41,"minecraft:deepslate_iron_ore":19,"minecraft:gravel":2,"minecraft:sand":1,"minecraft:dirt":8,"minecraft:stripped_oak_log":9,"minecraft:stone":222,"minecraft:deepslate":16,"quark:hollow_spruce_log":2,"minecraft:fern":2},"minecraft:broken":{"minecraft:stone_pickaxe":1},"minecraft:picked_up":{"minecraft:stripped_oak_log":9,"minecraft:crafting_table":6,"minecraft:feather":2,"minecraft:chicken":3,"minecraft:andesite":12,"minecraft:leather":2,"minecraft:tuff":3,"minecraft:oak_log":20,"supplementaries:flax_seeds":2,"minecraft:dirt":10,"minecraft:raw_copper":16,"minecraft:kelp":4,"minecraft:cobbled_deepslate":16,"minecraft:rabbit_hide":7,"minecraft:iron_ingot":1,"minecraft:beef":2,"minecraft:stripped_oak_wood":1,"minecraft:rabbit":1,"minecraft:furnace":3,"cobblemon:apricorn_planks":9,"minecraft:egg":2,"minecraft:stick":6,"minecraft:raw_iron":53,"minecraft:sandstone":1,"cobblemon:apricorn_log":5,"minecraft:music_disc_13":1,"minecraft:pumpkin":4,"minecraft:sweet_berries":11,"minecraft:torch":3,"minecraft:gravel":2,"quark:blossom_log":17,"minecraft:sand":1,"tombstone:grave_dust":1,"minecraft:spruce_log":15,"minecraft:oak_wood":10,"minecraft:rotten_flesh":15,"minecraft:diamond":1,"supplementaries:antique_ink":3,"minecraft:carved_pumpkin":3,"minecraft:granite":30,"supplementaries:ash":13,"tombstone:magic_scroll":1,"minecraft:mutton":1,"cobblemon:blue_apricorn":2,"minecraft:coal":55,"minecraft:white_wool":1,"minecraft:cobblestone":226},"minecraft:dropped":{"minecraft:kelp":4,"minecraft:raw_copper":16,"minecraft:feather":2,"minecraft:rotten_flesh":4,"supplementaries:flax_seeds":2,"tombstone:grave_dust":2,"minecraft:carved_pumpkin":3},"minecraft:crafted":{"minecraft:cooked_beef":2,"minecraft:oak_planks":4,"minecraft:crafting_table":2,"minecraft:spruce_planks":36,"minecraft:wooden_pickaxe":2,"minecraft:iron_helmet":1,"minecraft:cooked_chicken":3,"minecraft:iron_sword":1,"cobblemon:apricorn_planks":20,"minecraft:furnace":1,"minecraft:bucket":1,"minecraft:stone_axe":2,"minecraft:cooked_mutton":1,"minecraft:air":0,"minecraft:iron_boots":1,"minecraft:iron_chestplate":1,"minecraft:shield":1,"minecraft:stick":60,"minecraft:iron_ingot":40,"minecraft:iron_pickaxe":1,"minecraft:stone_pickaxe":2,"minecraft:iron_leggings":1,"minecraft:torch":60,"minecraft:cooked_rabbit":1},"minecraft:killed":{"cobblemon:pokemon":2,"minecraft:zombie":19,"minecraft:chicken":3,"minecraft:cow":2},"minecraft:custom":{"minecraft:interact_with_furnace":34,"minecraft:mob_kills":26,"minecraft:interact_with_crafting_table":24,"minecraft:time_since_death":8395,"minecraft:time_since_rest":5996,"minecraft:waystone_activated":1,"minecraft:sprint_one_cm":132415,"minecraft:damage_taken":996,"minecraft:walk_one_cm":65093,"minecraft:damage_blocked_by_shield":510,"minecraft:drop":11,"minecraft:damage_dealt":4314,"minecraft:swim_one_cm":28301,"minecraft:fly_one_cm":233995,"minecraft:crouch_one_cm":14294,"minecraft:play_time":60253,"tombstone:undead_killed":19,"minecraft:deaths":2,"minecraft:sneak_time":5951,"minecraft:walk_under_water_one_cm":3383,"minecraft:jump":1044,"minecraft:walk_on_water_one_cm":5804,"minecraft:total_world_time":60253,"minecraft:fall_one_cm":25823}},"DataVersion":3465}