{"stats":{"minecraft:used":{"minecraft:stone_pickaxe":132,"minecraft:iron_pickaxe":8,"minecraft:wooden_pickaxe":3,"minecraft:stone_axe":1,"minecraft:torch":14,"minecraft:cobblestone":25,"minecraft:crafting_table":3,"minecraft:furnace":1,"minecraft:andesite":1},"minecraft:mined":{"minecraft:iron_ore":13,"minecraft:andesite":5,"cobblemon:apricorn_log":5,"minecraft:crafting_table":2,"cobblemon:apricorn_leaves":1,"minecraft:grass":1,"minecraft:coal_ore":19,"minecraft:deepslate_iron_ore":1,"minecraft:copper_ore":1,"minecraft:cobblestone":2,"minecraft:stone":101,"minecraft:wall_torch":1},"minecraft:picked_up":{"minecraft:raw_iron":14,"minecraft:stick":6,"minecraft:crafting_table":2,"cobblemon:apricorn_log":5,"minecraft:andesite":5,"minecraft:torch":2,"minecraft:raw_copper":2,"minecraft:kelp":4,"minecraft:coal":19,"cobblemon:apricorn_planks":9,"minecraft:cobblestone":102},"minecraft:broken":{"minecraft:stone_pickaxe":1},"minecraft:dropped":{"minecraft:kelp":4},"minecraft:crafted":{"minecraft:shield":1,"minecraft:crafting_table":1,"minecraft:stick":12,"minecraft:iron_pickaxe":1,"minecraft:iron_ingot":6,"minecraft:wooden_pickaxe":1,"minecraft:stone_pickaxe":1,"cobblemon:apricorn_planks":20,"minecraft:furnace":1,"minecraft:torch":12,"minecraft:stone_axe":1,"minecraft:air":0},"minecraft:custom":{"minecraft:time_since_rest":24253,"minecraft:waystone_activated":1,"minecraft:interact_with_furnace":7,"minecraft:sprint_one_cm":45833,"minecraft:damage_taken":170,"minecraft:walk_one_cm":30182,"minecraft:drop":1,"minecraft:interact_with_crafting_table":11,"minecraft:fly_one_cm":70496,"minecraft:crouch_one_cm":4392,"minecraft:play_time":24253,"minecraft:sneak_time":1572,"minecraft:jump":293,"minecraft:time_since_death":24253,"minecraft:walk_on_water_one_cm":452,"minecraft:total_world_time":24253,"minecraft:fall_one_cm":9397}},"DataVersion":3465}