{"stats":{"minecraft:used":{"minecraft:shield":7,"minecraft:iron_sword":96,"minecraft:rotten_flesh":5,"minecraft:cooked_chicken":3,"minecraft:iron_chestplate":1,"minecraft:torch":66,"minecraft:dirt":1,"minecraft:granite":7,"minecraft:lava_bucket":6,"minecraft:iron_helmet":1,"cobblemon:apricorn_planks":1,"minecraft:iron_boots":1,"minecraft:furnace":3,"tombstone:gift":1,"minecraft:egg":2,"minecraft:cooked_beef":2,"minecraft:iron_leggings":1,"quark:blossom_log":4,"minecraft:cooked_mutton":1,"minecraft:water_bucket":14,"minecraft:stone_pickaxe":356,"minecraft:wooden_pickaxe":7,"minecraft:sandstone":1,"minecraft:sand":1,"minecraft:crafting_table":7,"minecraft:iron_pickaxe":137,"minecraft:stone_axe":85,"minecraft:cobblestone":109,"minecraft:andesite":12,"minecraft:cooked_rabbit":1,"minecraft:bucket":20},"minecraft:killed_by":{"minecraft:skeleton":1},"minecraft:mined":{"minecraft:tuff":3,"quark:yellow_blossom_leaves":9,"minecraft:deepslate_diamond_ore":1,"cobblemon:apricorn_log":5,"minecraft:carved_pumpkin":3,"minecraft:granite":30,"biomesoplenty:bush":3,"minecraft:grass_block":2,"minecraft:spruce_leaves":2,"minecraft:sandstone":1,"minecraft:furnace":3,"minecraft:iron_ore":26,"minecraft:andesite":12,"minecraft:pumpkin":4,"minecraft:deepslate_lapis_ore":1,"minecraft:deepslate_iron_ore":23,"minecraft:stripped_oak_log":9,"minecraft:stone":250,"minecraft:crafting_table":7,"cobblemon:apricorn_leaves":1,"minecraft:oak_wood":10,"supplementaries:wild_flax":2,"quark:blossom_log":17,"minecraft:copper_ore":3,"minecraft:cobblestone":9,"biomesoplenty:sprout":1,"minecraft:wall_torch":1,"supplementaries:urn":3,"cobblemon:bluk_berry":1,"minecraft:sweet_berry_bush":4,"minecraft:spruce_log":15,"minecraft:stripped_oak_wood":1,"minecraft:grass":5,"minecraft:coal_ore":41,"minecraft:oak_log":20,"minecraft:dirt":8,"minecraft:sand":1,"minecraft:gravel":2,"minecraft:deepslate":89,"quark:hollow_spruce_log":2,"minecraft:fern":2},"minecraft:broken":{"minecraft:stone_pickaxe":2},"minecraft:picked_up":{"minecraft:crafting_table":7,"minecraft:chicken":3,"minecraft:raw_copper":16,"minecraft:cobbled_deepslate":89,"minecraft:bucket":1,"minecraft:beef":2,"minecraft:egg":2,"minecraft:furnace":3,"cobblemon:apricorn_log":5,"minecraft:stick":34,"minecraft:raw_iron":57,"minecraft:sandstone":1,"minecraft:torch":3,"quark:blossom_log":17,"tombstone:grave_dust":1,"minecraft:rotten_flesh":15,"supplementaries:antique_ink":3,"minecraft:carved_pumpkin":3,"supplementaries:ash":26,"minecraft:mutton":1,"cobblemon:blue_apricorn":2,"minecraft:white_wool":1,"minecraft:cobblestone":258,"minecraft:stripped_oak_log":18,"minecraft:feather":2,"minecraft:andesite":12,"minecraft:leather":2,"minecraft:tuff":6,"minecraft:oak_log":38,"supplementaries:flax_seeds":2,"minecraft:lapis_lazuli":6,"minecraft:dirt":10,"minecraft:kelp":4,"minecraft:raw_gold":3,"minecraft:rabbit_hide":7,"minecraft:iron_ingot":9,"minecraft:stripped_oak_wood":1,"minecraft:rabbit":1,"cobblemon:apricorn_planks":9,"minecraft:pumpkin":8,"minecraft:music_disc_13":1,"minecraft:sweet_berries":22,"minecraft:gravel":2,"minecraft:sand":1,"minecraft:spruce_log":21,"minecraft:oak_wood":20,"minecraft:diamond":1,"minecraft:granite":30,"tombstone:magic_scroll":1,"minecraft:coal":55},"minecraft:dropped":{"minecraft:feather":2,"minecraft:granite":20,"cobbledex:cobbledex_item":1,"minecraft:dirt":9,"tombstone:grave_dust":2,"minecraft:gravel":2,"minecraft:stone_axe":1,"minecraft:kelp":4,"minecraft:cobbled_deepslate":64,"minecraft:raw_copper":16,"minecraft:tuff":3,"minecraft:rotten_flesh":4,"patchouli:guide_book":2,"supplementaries:antique_ink":3,"supplementaries:flax_seeds":2,"minecraft:spruce_planks":25,"minecraft:carved_pumpkin":3,"minecraft:stone_pickaxe":1,"minecraft:wooden_pickaxe":2},"minecraft:crafted":{"minecraft:oak_planks":4,"minecraft:cooked_chicken":3,"cobblemon:apricorn_planks":20,"minecraft:furnace":1,"minecraft:cooked_mutton":1,"minecraft:iron_boots":1,"minecraft:stone_pickaxe":3,"minecraft:cooked_rabbit":1,"minecraft:cooked_beef":2,"minecraft:crafting_table":2,"minecraft:spruce_planks":36,"minecraft:wooden_pickaxe":2,"minecraft:iron_helmet":1,"minecraft:iron_sword":1,"minecraft:bucket":1,"minecraft:stone_axe":2,"minecraft:air":0,"minecraft:iron_chestplate":1,"minecraft:shield":1,"minecraft:stick":60,"minecraft:iron_ingot":40,"minecraft:iron_pickaxe":1,"minecraft:iron_leggings":1,"minecraft:torch":132},"minecraft:killed":{"minecraft:chicken":3,"cobblemon:pokemon":2,"minecraft:zombie":20,"minecraft:cow":2},"minecraft:custom":{"minecraft:mob_kills":27,"minecraft:interact_with_crafting_table":25,"minecraft:time_since_death":14395,"minecraft:sprint_one_cm":137842,"minecraft:walk_one_cm":73128,"minecraft:damage_blocked_by_shield":510,"minecraft:drop":25,"minecraft:play_time":66253,"minecraft:deaths":2,"minecraft:sneak_time":6595,"minecraft:walk_under_water_one_cm":3383,"minecraft:jump":1081,"minecraft:walk_on_water_one_cm":7145,"minecraft:total_world_time":66253,"minecraft:interact_with_furnace":34,"minecraft:time_since_rest":11996,"minecraft:waystone_activated":1,"minecraft:damage_taken":1126,"minecraft:damage_dealt":4514,"minecraft:swim_one_cm":28301,"minecraft:fly_one_cm":239794,"minecraft:crouch_one_cm":15416,"tombstone:undead_killed":20,"minecraft:fall_one_cm":28753}},"DataVersion":3465}