{"stats":{"minecraft:used":{"minecraft:shield":7,"minecraft:iron_sword":139,"minecraft:rotten_flesh":8,"minecraft:cooked_chicken":3,"minecraft:iron_chestplate":1,"minecraft:torch":142,"minecraft:dirt":1,"minecraft:anvil":1,"minecraft:tuff":14,"minecraft:granite":7,"minecraft:lava_bucket":10,"minecraft:iron_helmet":1,"cobblemon:apricorn_planks":1,"minecraft:iron_boots":1,"minecraft:sweet_berries":15,"minecraft:furnace":5,"tombstone:gift":3,"minecraft:egg":2,"minecraft:cooked_beef":2,"minecraft:iron_leggings":1,"quark:blossom_log":4,"minecraft:cooked_mutton":1,"minecraft:water_bucket":33,"minecraft:stone_pickaxe":356,"minecraft:wooden_pickaxe":7,"minecraft:sandstone":1,"minecraft:sand":1,"minecraft:crafting_table":8,"minecraft:diamond_pickaxe":135,"minecraft:iron_pickaxe":256,"minecraft:stone_axe":86,"minecraft:cobblestone":135,"minecraft:andesite":12,"minecraft:cooked_rabbit":1,"minecraft:bucket":44},"minecraft:killed_by":{"minecraft:skeleton":1},"minecraft:mined":{"minecraft:tuff":59,"quark:yellow_blossom_leaves":9,"minecraft:deepslate_diamond_ore":34,"cobblemon:apricorn_log":5,"minecraft:obsidian":11,"minecraft:carved_pumpkin":3,"minecraft:granite":30,"biomesoplenty:bush":3,"minecraft:grass_block":2,"minecraft:spruce_leaves":2,"minecraft:sandstone":1,"minecraft:spawner":1,"minecraft:furnace":5,"minecraft:iron_ore":26,"minecraft:fire":3,"minecraft:andesite":12,"minecraft:pumpkin":4,"minecraft:anvil":1,"minecraft:deepslate_lapis_ore":1,"minecraft:deepslate_iron_ore":34,"minecraft:stripped_oak_log":9,"minecraft:stone":250,"minecraft:crafting_table":8,"cobblemon:apricorn_leaves":1,"minecraft:oak_wood":10,"supplementaries:wild_flax":2,"quark:blossom_log":17,"minecraft:copper_ore":3,"minecraft:cobblestone":23,"biomesoplenty:sprout":1,"minecraft:deepslate_gold_ore":6,"minecraft:wall_torch":1,"supplementaries:urn":5,"cobblemon:bluk_berry":1,"minecraft:sweet_berry_bush":4,"minecraft:spruce_log":15,"minecraft:stripped_oak_wood":1,"minecraft:grass":5,"minecraft:coal_ore":41,"minecraft:oak_log":20,"minecraft:dirt":8,"minecraft:sand":1,"minecraft:gravel":3,"minecraft:deepslate":204,"quark:hollow_spruce_log":2,"minecraft:fern":2},"minecraft:broken":{"minecraft:stone_pickaxe":2,"minecraft:iron_pickaxe":1},"minecraft:picked_up":{"minecraft:charcoal":4,"minecraft:iron_chestplate":1,"minecraft:crafting_table":8,"minecraft:chicken":3,"minecraft:anvil":1,"minecraft:raw_copper":16,"minecraft:gold_nugget":30,"minecraft:cobbled_deepslate":205,"minecraft:bucket":1,"minecraft:beef":2,"minecraft:iron_boots":2,"minecraft:egg":2,"minecraft:furnace":5,"cobblemon:apricorn_log":5,"minecraft:stick":34,"minecraft:raw_iron":68,"minecraft:sandstone":1,"minecraft:torch":4,"quark:blossom_log":17,"tombstone:grave_dust":1,"minecraft:rotten_flesh":21,"artifacts:villager_hat":1,"supplementaries:antique_ink":3,"minecraft:carved_pumpkin":3,"supplementaries:ash":26,"minecraft:obsidian":11,"minecraft:mutton":1,"cobblemon:blue_apricorn":2,"minecraft:white_wool":1,"minecraft:cobblestone":272,"minecraft:stripped_oak_log":18,"minecraft:feather":2,"minecraft:andesite":12,"minecraft:leather":2,"paraglider:spirit_orb":2,"minecraft:tuff":62,"minecraft:oak_log":38,"supplementaries:flax_seeds":2,"minecraft:lapis_lazuli":6,"minecraft:dirt":10,"minecraft:bone":2,"minecraft:kelp":4,"minecraft:raw_gold":9,"minecraft:rabbit_hide":7,"minecraft:iron_ingot":9,"minecraft:stripped_oak_wood":1,"minecraft:rabbit":1,"cobblemon:apricorn_planks":9,"minecraft:pumpkin":8,"minecraft:music_disc_13":1,"minecraft:sweet_berries":22,"minecraft:gravel":3,"minecraft:sand":1,"minecraft:spruce_log":21,"minecraft:oak_wood":20,"minecraft:diamond":34,"minecraft:iron_helmet":2,"minecraft:granite":30,"tombstone:magic_scroll":1,"minecraft:coal":55},"minecraft:dropped":{"minecraft:iron_helmet":2,"minecraft:feather":2,"minecraft:granite":20,"cobbledex:cobbledex_item":1,"minecraft:dirt":9,"tombstone:grave_dust":2,"minecraft:gravel":2,"minecraft:stone_axe":1,"minecraft:kelp":4,"minecraft:cobbled_deepslate":64,"minecraft:raw_copper":16,"minecraft:tuff":3,"minecraft:rotten_flesh":4,"minecraft:iron_boots":2,"patchouli:guide_book":2,"supplementaries:antique_ink":3,"supplementaries:flax_seeds":2,"minecraft:spruce_planks":25,"minecraft:iron_chestplate":2,"minecraft:carved_pumpkin":3,"minecraft:stone_pickaxe":1,"minecraft:wooden_pickaxe":2},"minecraft:crafted":{"minecraft:oak_planks":4,"minecraft:cooked_chicken":3,"cobblemon:apricorn_planks":20,"minecraft:furnace":1,"minecraft:cooked_mutton":1,"minecraft:diamond_helmet":1,"minecraft:iron_boots":1,"minecraft:leather":3,"minecraft:stone_pickaxe":3,"minecraft:diamond_boots":1,"quark:spruce_chest":1,"minecraft:cooked_rabbit":1,"sophisticatedbackpacks:iron_backpack":1,"minecraft:cooked_beef":2,"sophisticatedbackpacks:backpack":1,"minecraft:crafting_table":2,"minecraft:spruce_planks":44,"minecraft:wooden_pickaxe":2,"minecraft:iron_helmet":1,"minecraft:iron_sword":1,"minecraft:bucket":1,"minecraft:stone_axe":2,"minecraft:air":0,"minecraft:iron_chestplate":1,"minecraft:diamond_pickaxe":1,"minecraft:charcoal":9,"minecraft:shield":1,"minecraft:stick":60,"minecraft:iron_ingot":73,"minecraft:iron_pickaxe":1,"minecraft:iron_block":3,"minecraft:iron_leggings":1,"minecraft:anvil":1,"minecraft:torch":148,"minecraft:diamond_chestplate":1},"minecraft:killed":{"minecraft:chicken":3,"artifacts:mimic":1,"cobblemon:pokemon":2,"minecraft:zombie":31,"minecraft:cow":2},"minecraft:custom":{"minecraft:interact_with_anvil":2,"minecraft:mob_kills":39,"minecraft:interact_with_crafting_table":37,"minecraft:open_barrel":7,"minecraft:leave_game":1,"minecraft:time_since_death":41153,"minecraft:sprint_one_cm":190022,"minecraft:walk_one_cm":106443,"minecraft:damage_blocked_by_shield":510,"minecraft:drop":31,"minecraft:play_time":93011,"minecraft:deaths":2,"minecraft:sneak_time":11290,"minecraft:walk_under_water_one_cm":3581,"minecraft:jump":1397,"minecraft:walk_on_water_one_cm":13279,"minecraft:total_world_time":93011,"minecraft:interact_with_furnace":49,"minecraft:time_since_rest":38754,"minecraft:waystone_activated":1,"minecraft:damage_taken":1200,"minecraft:damage_dealt":6803,"minecraft:swim_one_cm":29274,"minecraft:fly_one_cm":284917,"minecraft:open_chest":5,"minecraft:crouch_one_cm":26256,"tombstone:undead_killed":31,"minecraft:fall_one_cm":36786}},"DataVersion":3465}