{"stats":{"minecraft:used":{"quark:blossom_log":4,"minecraft:cooked_mutton":1,"minecraft:stone_pickaxe":132,"minecraft:wooden_pickaxe":3,"minecraft:shield":7,"minecraft:sandstone":1,"minecraft:iron_sword":38,"minecraft:cooked_chicken":1,"minecraft:rotten_flesh":5,"minecraft:iron_chestplate":1,"minecraft:torch":43,"minecraft:sand":1,"minecraft:crafting_table":4,"minecraft:granite":7,"minecraft:iron_pickaxe":117,"minecraft:iron_helmet":1,"minecraft:iron_boots":1,"cobblemon:apricorn_planks":1,"minecraft:stone_axe":82,"minecraft:cobblestone":77,"minecraft:furnace":3,"minecraft:cooked_rabbit":1,"minecraft:andesite":12,"tombstone:gift":1,"minecraft:egg":2,"minecraft:cooked_beef":2,"minecraft:iron_leggings":1},"minecraft:mined":{"minecraft:tuff":3,"quark:yellow_blossom_leaves":9,"minecraft:deepslate_diamond_ore":1,"cobblemon:apricorn_log":5,"minecraft:carved_pumpkin":3,"minecraft:crafting_table":3,"cobblemon:apricorn_leaves":1,"minecraft:granite":7,"biomesoplenty:bush":3,"minecraft:oak_wood":10,"quark:blossom_log":17,"supplementaries:wild_flax":2,"minecraft:copper_ore":3,"minecraft:cobblestone":2,"biomesoplenty:sprout":1,"minecraft:sandstone":1,"minecraft:wall_torch":1,"minecraft:furnace":2,"cobblemon:bluk_berry":1,"minecraft:sweet_berry_bush":4,"minecraft:iron_ore":26,"minecraft:spruce_log":6,"minecraft:andesite":12,"minecraft:stripped_oak_wood":1,"minecraft:pumpkin":4,"minecraft:grass":5,"minecraft:oak_log":20,"minecraft:coal_ore":23,"minecraft:deepslate_iron_ore":15,"minecraft:sand":1,"minecraft:stripped_oak_log":9,"minecraft:stone":137,"minecraft:deepslate":12,"quark:hollow_spruce_log":2,"minecraft:fern":2},"minecraft:broken":{"minecraft:stone_pickaxe":1},"minecraft:picked_up":{"minecraft:stripped_oak_log":9,"minecraft:crafting_table":3,"minecraft:feather":2,"minecraft:chicken":3,"minecraft:andesite":12,"minecraft:leather":2,"minecraft:tuff":3,"minecraft:oak_log":20,"supplementaries:flax_seeds":2,"minecraft:raw_copper":8,"minecraft:kelp":4,"minecraft:cobbled_deepslate":12,"minecraft:rabbit_hide":1,"minecraft:iron_ingot":1,"minecraft:beef":2,"minecraft:stripped_oak_wood":1,"minecraft:rabbit":1,"minecraft:furnace":2,"cobblemon:apricorn_planks":9,"minecraft:egg":2,"minecraft:stick":6,"minecraft:raw_iron":41,"minecraft:sandstone":1,"cobblemon:apricorn_log":5,"minecraft:pumpkin":4,"minecraft:sweet_berries":11,"minecraft:torch":3,"quark:blossom_log":17,"minecraft:sand":1,"minecraft:spruce_log":6,"minecraft:oak_wood":10,"minecraft:rotten_flesh":7,"minecraft:diamond":1,"minecraft:carved_pumpkin":3,"minecraft:granite":7,"supplementaries:ash":1,"minecraft:mutton":1,"cobblemon:blue_apricorn":2,"minecraft:coal":37,"minecraft:white_wool":1,"minecraft:cobblestone":138},"minecraft:dropped":{"minecraft:kelp":4,"supplementaries:flax_seeds":2,"minecraft:carved_pumpkin":3},"minecraft:crafted":{"minecraft:cooked_beef":2,"minecraft:oak_planks":4,"minecraft:crafting_table":1,"minecraft:wooden_pickaxe":1,"minecraft:iron_helmet":1,"minecraft:cooked_chicken":3,"minecraft:iron_sword":1,"cobblemon:apricorn_planks":20,"minecraft:furnace":1,"minecraft:bucket":1,"minecraft:stone_axe":1,"minecraft:cooked_mutton":1,"minecraft:air":0,"minecraft:iron_boots":1,"minecraft:iron_chestplate":1,"minecraft:shield":1,"minecraft:stick":20,"minecraft:iron_ingot":34,"minecraft:iron_pickaxe":1,"minecraft:stone_pickaxe":1,"minecraft:iron_leggings":1,"minecraft:torch":44,"minecraft:cooked_rabbit":1},"minecraft:killed":{"cobblemon:pokemon":2,"minecraft:zombie":6,"minecraft:chicken":3,"minecraft:cow":2},"minecraft:custom":{"minecraft:interact_with_furnace":30,"minecraft:mob_kills":13,"minecraft:interact_with_crafting_table":20,"minecraft:time_since_death":20240,"minecraft:time_since_rest":19962,"minecraft:waystone_activated":1,"minecraft:sprint_one_cm":90687,"minecraft:damage_taken":623,"minecraft:walk_one_cm":50219,"minecraft:damage_blocked_by_shield":510,"minecraft:drop":4,"minecraft:damage_dealt":1883,"minecraft:swim_one_cm":19083,"minecraft:fly_one_cm":159491,"minecraft:crouch_one_cm":10832,"minecraft:play_time":48253,"tombstone:undead_killed":6,"minecraft:deaths":1,"minecraft:sneak_time":4108,"minecraft:walk_under_water_one_cm":3305,"minecraft:jump":775,"minecraft:walk_on_water_one_cm":4435,"minecraft:total_world_time":48253,"minecraft:fall_one_cm":22199}},"DataVersion":3465}