{"stats":{"minecraft:used":{"quark:blossom_log":4,"minecraft:stone_pickaxe":132,"minecraft:wooden_pickaxe":3,"minecraft:shield":7,"minecraft:sandstone":1,"minecraft:iron_sword":31,"minecraft:rotten_flesh":5,"minecraft:iron_chestplate":1,"minecraft:torch":14,"minecraft:sand":1,"minecraft:crafting_table":3,"minecraft:granite":7,"minecraft:iron_pickaxe":61,"minecraft:stone_axe":28,"minecraft:cobblestone":66,"minecraft:furnace":2,"minecraft:andesite":12,"tombstone:gift":1,"minecraft:egg":2},"minecraft:mined":{"quark:yellow_blossom_leaves":9,"cobblemon:apricorn_log":5,"minecraft:crafting_table":3,"cobblemon:apricorn_leaves":1,"minecraft:granite":7,"biomesoplenty:bush":3,"quark:blossom_log":17,"supplementaries:wild_flax":2,"minecraft:copper_ore":3,"minecraft:cobblestone":2,"minecraft:sandstone":1,"minecraft:wall_torch":1,"minecraft:furnace":1,"minecraft:iron_ore":13,"minecraft:andesite":12,"minecraft:pumpkin":2,"minecraft:grass":5,"minecraft:coal_ore":23,"minecraft:deepslate_iron_ore":1,"minecraft:sand":1,"minecraft:stone":132},"minecraft:picked_up":{"minecraft:crafting_table":3,"minecraft:feather":2,"minecraft:chicken":3,"minecraft:andesite":12,"supplementaries:flax_seeds":2,"minecraft:raw_copper":8,"minecraft:kelp":4,"minecraft:rabbit_hide":1,"minecraft:rabbit":1,"minecraft:furnace":1,"cobblemon:apricorn_planks":9,"minecraft:egg":2,"minecraft:stick":6,"minecraft:raw_iron":14,"minecraft:sandstone":1,"cobblemon:apricorn_log":5,"minecraft:pumpkin":2,"minecraft:torch":2,"quark:blossom_log":17,"minecraft:sand":1,"minecraft:rotten_flesh":6,"minecraft:granite":7,"supplementaries:ash":1,"minecraft:mutton":1,"cobblemon:blue_apricorn":2,"minecraft:coal":37,"minecraft:white_wool":1,"minecraft:cobblestone":133},"minecraft:broken":{"minecraft:stone_pickaxe":1},"minecraft:dropped":{"minecraft:kelp":4,"supplementaries:flax_seeds":2},"minecraft:crafted":{"minecraft:crafting_table":1,"minecraft:wooden_pickaxe":1,"minecraft:iron_sword":1,"cobblemon:apricorn_planks":20,"minecraft:furnace":1,"minecraft:stone_axe":1,"minecraft:cooked_mutton":1,"minecraft:air":0,"minecraft:iron_chestplate":1,"minecraft:shield":1,"minecraft:stick":12,"minecraft:iron_ingot":14,"minecraft:iron_pickaxe":1,"minecraft:stone_pickaxe":1,"minecraft:torch":12},"minecraft:killed":{"cobblemon:pokemon":2,"minecraft:zombie":5,"minecraft:chicken":3},"minecraft:custom":{"minecraft:interact_with_furnace":12,"minecraft:mob_kills":10,"minecraft:interact_with_crafting_table":15,"minecraft:time_since_death":8240,"minecraft:time_since_rest":7962,"minecraft:waystone_activated":1,"minecraft:sprint_one_cm":67922,"minecraft:damage_taken":495,"minecraft:walk_one_cm":41558,"minecraft:damage_blocked_by_shield":510,"minecraft:drop":3,"minecraft:damage_dealt":1563,"minecraft:swim_one_cm":19083,"minecraft:fly_one_cm":124515,"minecraft:crouch_one_cm":5319,"minecraft:play_time":36253,"tombstone:undead_killed":5,"minecraft:deaths":1,"minecraft:sneak_time":1941,"minecraft:walk_under_water_one_cm":3305,"minecraft:jump":606,"minecraft:walk_on_water_one_cm":4052,"minecraft:total_world_time":36253,"minecraft:fall_one_cm":15640}},"DataVersion":3465}