{"stats":{"minecraft:used":{"minecraft:stone_pickaxe":18,"minecraft:oak_planks":7,"minecraft:wooden_pickaxe":8,"minecraft:dirt":2,"minecraft:mutton":13,"minecraft:crafting_table":4,"minecraft:white_bed":2,"minecraft:wooden_axe":1,"minecraft:iron_pickaxe":2,"cobblemon:apricorn_planks":1,"minecraft:stone_axe":82,"minecraft:furnace":1,"minecraft:porkchop":1,"tombstone:gift":2},"minecraft:killed_by":{"cobblemon:pokemon":1,"minecraft:skeleton":1,"minecraft:spider":1},"minecraft:mined":{"minecraft:white_bed":2,"quark:yellow_blossom_leaves":1,"cobblemon:apricorn_log":5,"minecraft:crafting_table":4,"cobblemon:apricorn_leaves":2,"minecraft:grass_block":1,"minecraft:rose_bush":3,"quark:blossom_log":4,"minecraft:copper_ore":7,"minecraft:tall_grass":4,"biomesoplenty:sprout":1,"minecraft:sugar_cane":2,"minecraft:furnace":1,"minecraft:iron_ore":4,"minecraft:moss_carpet":1,"minecraft:grass":8,"minecraft:oak_log":21,"quark:hollow_oak_log":1,"minecraft:stone":14,"minecraft:oak_leaves":3},"minecraft:picked_up":{"minecraft:crafting_table":4,"minecraft:tripwire_hook":1,"quark:hollow_oak_log":1,"minecraft:oak_log":21,"minecraft:dirt":2,"minecraft:string":1,"minecraft:moss_carpet":1,"minecraft:raw_copper":21,"cobblemon:pink_apricorn_seed":1,"minecraft:bone":2,"minecraft:kelp":4,"minecraft:wheat_seeds":2,"minecraft:rose_bush":2,"minecraft:light_gray_wool":2,"minecraft:sugar_cane":4,"minecraft:furnace":1,"minecraft:raw_iron":4,"cobblemon:apricorn_log":5,"minecraft:porkchop":8,"quark:blossom_log":4,"cobblemon:pink_apricorn":2,"minecraft:white_bed":2,"minecraft:rotten_flesh":4,"minecraft:gray_wool":1,"minecraft:oak_sapling":1,"minecraft:mutton":13,"cobblemon:blue_apricorn":1,"minecraft:white_wool":5,"minecraft:cobblestone":14},"minecraft:dropped":{"minecraft:moss_carpet":1,"minecraft:kelp":4,"minecraft:wheat_seeds":2,"minecraft:crafting_table":1,"minecraft:oak_sapling":1,"minecraft:string":1,"minecraft:tripwire_hook":1},"minecraft:crafted":{"minecraft:oak_planks":84,"quark:blossom_planks":16,"minecraft:crafting_table":2,"minecraft:wooden_pickaxe":1,"cobblemon:apricorn_planks":20,"minecraft:furnace":1,"minecraft:copper_ingot":4,"minecraft:stone_axe":1,"minecraft:air":0,"minecraft:stick":12,"minecraft:iron_ingot":4,"minecraft:iron_pickaxe":1,"minecraft:stone_pickaxe":1,"minecraft:wooden_axe":1,"minecraft:white_bed":1},"minecraft:killed":{"minecraft:pig":2,"cobblemon:pokemon":1,"minecraft:spider":1,"minecraft:sheep":8,"minecraft:zombie":5},"minecraft:custom":{"minecraft:interact_with_furnace":11,"minecraft:mob_kills":18,"minecraft:interact_with_crafting_table":6,"minecraft:time_since_death":6097,"minecraft:sleep_in_bed":1,"minecraft:time_since_rest":6029,"minecraft:waystone_activated":1,"minecraft:sprint_one_cm":100818,"minecraft:damage_taken":953,"minecraft:walk_one_cm":72925,"minecraft:drop":11,"minecraft:damage_dealt":2335,"minecraft:swim_one_cm":3743,"minecraft:fly_one_cm":173329,"minecraft:crouch_one_cm":1082,"minecraft:play_time":37619,"tombstone:undead_killed":5,"minecraft:deaths":3,"minecraft:sneak_time":447,"minecraft:walk_under_water_one_cm":2882,"minecraft:jump":681,"minecraft:walk_on_water_one_cm":7933,"minecraft:total_world_time":37619,"minecraft:fall_one_cm":22796}},"DataVersion":3465}