{"stats":{"minecraft:used":{"minecraft:cooked_chicken":1,"minecraft:iron_chestplate":1,"minecraft:torch":4,"minecraft:dirt":2,"minecraft:mutton":13,"minecraft:wooden_axe":2,"minecraft:dark_oak_planks":6,"minecraft:iron_axe":37,"minecraft:iron_helmet":1,"cobblemon:apricorn_planks":1,"minecraft:furnace":6,"tombstone:gift":5,"minecraft:cooked_beef":2,"minecraft:iron_leggings":1,"minecraft:stone_pickaxe":18,"minecraft:oak_planks":41,"minecraft:wooden_pickaxe":8,"cobblemon:apricorn_boat":1,"minecraft:crafting_table":8,"minecraft:white_bed":5,"minecraft:dripstone_block":1,"minecraft:diamond_pickaxe":35,"minecraft:melon_slice":4,"minecraft:iron_pickaxe":139,"minecraft:stone_axe":172,"minecraft:porkchop":1,"minecraft:cooked_porkchop":4,"quark:oak_chest":7},"minecraft:killed_by":{"cobblemon:pokemon":4,"minecraft:spider":1,"minecraft:vindicator":4,"minecraft:skeleton":5,"minecraft:zombie":7,"minecraft:vex":1},"minecraft:mined":{"minecraft:dark_oak_planks":13,"minecraft:white_bed":4,"quark:yellow_blossom_leaves":1,"minecraft:deepslate_diamond_ore":2,"cobblemon:shiny_stone_ore":1,"minecraft:dark_oak_log":1,"cobblemon:apricorn_log":5,"minecraft:grass_block":4,"biomesoplenty:jacaranda_log":4,"minecraft:furnace":4,"minecraft:iron_ore":12,"minecraft:moss_carpet":1,"minecraft:gold_block":2,"minecraft:pointed_dripstone":1,"minecraft:deepslate_iron_ore":14,"biomesoplenty:webbing":5,"minecraft:stone":91,"minecraft:white_wool":2,"cobblemon:deepslate_dusk_stone_ore":1,"quark:oak_chest":5,"minecraft:crafting_table":6,"cobblemon:apricorn_leaves":2,"minecraft:melon":8,"minecraft:rose_bush":3,"quark:blossom_log":4,"minecraft:tall_grass":5,"minecraft:copper_ore":11,"biomesoplenty:sprout":1,"minecraft:sugar_cane":2,"minecraft:oak_planks":27,"supplementaries:urn":14,"farmersdelight:wild_beetroots":1,"minecraft:birch_planks":1,"minecraft:grass":8,"minecraft:oak_log":21,"minecraft:coal_ore":30,"minecraft:gravel":4,"minecraft:dripstone_block":1,"quark:hollow_oak_log":1,"minecraft:oak_leaves":3,"minecraft:deepslate":9,"minecraft:fern":5},"minecraft:broken":{"minecraft:stone_axe":1},"minecraft:picked_up":{"minecraft:crafting_table":6,"quark:hollow_oak_log":1,"minecraft:gold_block":2,"minecraft:string":3,"minecraft:moss_carpet":1,"minecraft:raw_copper":35,"minecraft:gold_nugget":51,"minecraft:cobbled_deepslate":9,"minecraft:beef":12,"minecraft:rose_bush":8,"cobblemon:dusk_stone":1,"minecraft:light_gray_wool":2,"minecraft:melon_slice":36,"minecraft:sugar_cane":4,"minecraft:furnace":4,"cobblemon:apricorn_log":5,"minecraft:raw_iron":24,"minecraft:torch":8,"minecraft:pink_carpet":4,"quark:blossom_log":4,"minecraft:porkchop":9,"minecraft:pointed_dripstone":3,"tombstone:grave_dust":3,"minecraft:dark_oak_planks":13,"minecraft:arrow":1,"minecraft:rotten_flesh":24,"supplementaries:ash":19,"minecraft:mutton":14,"cobblemon:blue_apricorn":1,"minecraft:white_wool":6,"minecraft:cobblestone":90,"minecraft:cooked_beef":2,"minecraft:tripwire_hook":1,"minecraft:leather":6,"minecraft:birch_planks":1,"minecraft:oak_log":21,"supplementaries:flax_seeds":1,"cobblemon:apricorn_boat":1,"minecraft:gunpowder":4,"minecraft:dirt":5,"cobblemon:pink_apricorn_seed":1,"minecraft:bone":17,"minecraft:kelp":4,"minecraft:wheat_seeds":2,"minecraft:iron_ingot":1,"minecraft:cooked_chicken":1,"minecraft:oak_planks":22,"minecraft:dripstone_block":1,"cobblemon:shiny_stone":1,"minecraft:gravel":4,"cobblemon:pink_apricorn":2,"minecraft:white_bed":4,"quark:oak_chest":5,"minecraft:dark_oak_log":1,"minecraft:spider_eye":1,"minecraft:diamond":2,"cobblemon:poke_ball":2,"minecraft:stone_axe":1,"minecraft:gray_wool":3,"minecraft:emerald":4,"minecraft:oak_sapling":1,"minecraft:coal":40},"minecraft:dropped":{"minecraft:iron_ingot":1,"minecraft:wheat_seeds":2,"minecraft:cooked_beef":10,"minecraft:crafting_table":1,"minecraft:cobblestone":1,"minecraft:leather":4,"minecraft:copper_ingot":9,"cobblemon:shiny_stone":1,"minecraft:stick":1,"minecraft:gold_block":2,"minecraft:gray_wool":1,"cobblemon:poke_ball":17,"tombstone:grave_key":2,"minecraft:wooden_axe":1,"minecraft:rose_bush":6,"tombstone:grave_dust":1,"minecraft:string":1,"minecraft:tripwire_hook":1,"minecraft:white_wool":2,"minecraft:bone":2,"minecraft:gravel":2,"minecraft:moss_carpet":1,"minecraft:stone_axe":1,"cobblemon:net_ball":32,"minecraft:kelp":4,"minecraft:cooked_chicken":1,"minecraft:raw_copper":21,"minecraft:wheat":1,"cobblemon:dusk_ball":32,"minecraft:oak_planks":1,"minecraft:pink_carpet":4,"cobblemon:apricorn_planks":12,"supplementaries:flax_seeds":1,"minecraft:gunpowder":4,"cobblemon:pink_apricorn_seed":1,"minecraft:oak_sapling":1},"minecraft:crafted":{"cobblemon:apricorn_boat":1,"minecraft:oak_planks":84,"minecraft:cooked_chicken":1,"cobblemon:apricorn_planks":20,"minecraft:furnace":2,"minecraft:iron_axe":1,"minecraft:stone_pickaxe":1,"minecraft:cooked_beef":17,"quark:blossom_planks":16,"minecraft:cooked_porkchop":6,"minecraft:crafting_table":3,"minecraft:wooden_pickaxe":1,"minecraft:iron_helmet":1,"minecraft:copper_ingot":19,"minecraft:stone_axe":3,"minecraft:bread":1,"minecraft:air":0,"minecraft:iron_chestplate":1,"minecraft:diamond_pickaxe":1,"minecraft:shield":1,"minecraft:stick":20,"quark:oak_chest":3,"minecraft:iron_ingot":22,"minecraft:iron_pickaxe":1,"minecraft:wooden_axe":1,"minecraft:iron_leggings":1,"minecraft:white_bed":1},"minecraft:killed":{"minecraft:spider":2,"minecraft:skeleton":1,"minecraft:pig":3,"cobblemon:pokemon":1,"minecraft:sheep":9,"minecraft:zombie":19,"minecraft:cow":6},"minecraft:custom":{"minecraft:mob_kills":42,"minecraft:interact_with_crafting_table":29,"minecraft:damage_dealt_resisted":41,"minecraft:leave_game":1,"minecraft:time_since_death":5921,"minecraft:climb_one_cm":786,"minecraft:sprint_one_cm":305471,"minecraft:walk_one_cm":202342,"minecraft:drop":57,"minecraft:damage_dealt_absorbed":40,"minecraft:play_time":114489,"minecraft:deaths":23,"minecraft:sneak_time":4166,"minecraft:walk_under_water_one_cm":28217,"minecraft:boat_one_cm":113061,"minecraft:jump":2449,"minecraft:walk_on_water_one_cm":50404,"minecraft:total_world_time":114489,"minecraft:interact_with_furnace":106,"minecraft:sleep_in_bed":2,"minecraft:time_since_rest":5530,"minecraft:waystone_activated":1,"minecraft:damage_taken":6772,"minecraft:damage_dealt":6041,"minecraft:swim_one_cm":27221,"minecraft:fly_one_cm":625170,"minecraft:open_chest":71,"minecraft:crouch_one_cm":11710,"tombstone:undead_killed":20,"minecraft:fall_one_cm":68756}},"DataVersion":3465}