{"stats":{"minecraft:used":{"minecraft:wooden_axe":1,"minecraft:stone_pickaxe":18,"minecraft:oak_planks":7,"minecraft:wooden_pickaxe":8,"minecraft:stone_axe":66,"minecraft:mutton":11,"minecraft:crafting_table":3},"minecraft:mined":{"quark:yellow_blossom_leaves":1,"minecraft:iron_ore":4,"minecraft:moss_carpet":1,"cobblemon:apricorn_log":5,"cobblemon:apricorn_leaves":2,"minecraft:crafting_table":3,"minecraft:grass":8,"minecraft:grass_block":1,"minecraft:oak_log":21,"minecraft:rose_bush":3,"quark:blossom_log":4,"quark:hollow_oak_log":1,"minecraft:tall_grass":4,"minecraft:copper_ore":7,"biomesoplenty:sprout":1,"minecraft:stone":14,"minecraft:oak_leaves":2},"minecraft:picked_up":{"minecraft:raw_iron":4,"minecraft:crafting_table":3,"cobblemon:apricorn_log":5,"quark:hollow_oak_log":1,"quark:blossom_log":4,"minecraft:oak_log":21,"cobblemon:pink_apricorn":2,"minecraft:string":1,"minecraft:moss_carpet":1,"minecraft:dirt":1,"cobblemon:pink_apricorn_seed":1,"minecraft:raw_copper":21,"minecraft:bone":2,"minecraft:rotten_flesh":3,"minecraft:kelp":4,"minecraft:wheat_seeds":1,"minecraft:rose_bush":2,"minecraft:gray_wool":1,"minecraft:light_gray_wool":2,"minecraft:oak_sapling":1,"minecraft:mutton":13,"cobblemon:blue_apricorn":1,"minecraft:white_wool":5,"minecraft:cobblestone":14},"minecraft:dropped":{"minecraft:kelp":3,"minecraft:crafting_table":1},"minecraft:crafted":{"minecraft:oak_planks":84,"quark:blossom_planks":16,"minecraft:crafting_table":1,"minecraft:stick":8,"minecraft:wooden_pickaxe":1,"minecraft:stone_pickaxe":1,"minecraft:wooden_axe":1,"minecraft:white_bed":1,"minecraft:stone_axe":1},"minecraft:killed":{"minecraft:sheep":8,"minecraft:zombie":4,"cobblemon:pokemon":1,"minecraft:spider":1},"minecraft:custom":{"minecraft:time_since_rest":25619,"minecraft:waystone_activated":1,"minecraft:sprint_one_cm":81471,"minecraft:damage_taken":240,"minecraft:walk_one_cm":54637,"minecraft:mob_kills":14,"minecraft:drop":4,"minecraft:damage_dealt":1700,"minecraft:interact_with_crafting_table":3,"minecraft:swim_one_cm":1312,"minecraft:fly_one_cm":121710,"minecraft:crouch_one_cm":212,"minecraft:play_time":25619,"tombstone:undead_killed":4,"minecraft:sneak_time":148,"minecraft:walk_under_water_one_cm":990,"minecraft:jump":441,"minecraft:walk_on_water_one_cm":560,"minecraft:time_since_death":25619,"minecraft:total_world_time":25619,"minecraft:fall_one_cm":17072}},"DataVersion":3465}