{"stats":{"minecraft:used":{"minecraft:cooked_chicken":1,"minecraft:dirt":2,"minecraft:mutton":13,"minecraft:wooden_axe":2,"minecraft:dark_oak_planks":6,"cobblemon:apricorn_planks":1,"minecraft:furnace":4,"tombstone:gift":3,"minecraft:stone_pickaxe":18,"minecraft:oak_planks":41,"minecraft:wooden_pickaxe":8,"cobblemon:apricorn_boat":1,"minecraft:crafting_table":7,"minecraft:white_bed":5,"minecraft:melon_slice":4,"minecraft:iron_pickaxe":116,"minecraft:stone_axe":172,"minecraft:porkchop":1,"minecraft:cooked_porkchop":4,"quark:oak_chest":3},"minecraft:killed_by":{"cobblemon:pokemon":2,"minecraft:spider":1,"minecraft:vindicator":4,"minecraft:skeleton":3,"minecraft:vex":1},"minecraft:mined":{"minecraft:dark_oak_planks":13,"minecraft:white_bed":4,"quark:yellow_blossom_leaves":1,"cobblemon:shiny_stone_ore":1,"minecraft:dark_oak_log":1,"cobblemon:apricorn_log":5,"minecraft:grass_block":4,"biomesoplenty:jacaranda_log":4,"minecraft:furnace":3,"minecraft:iron_ore":5,"minecraft:moss_carpet":1,"minecraft:gold_block":2,"biomesoplenty:webbing":2,"minecraft:stone":85,"minecraft:white_wool":2,"quark:oak_chest":5,"minecraft:crafting_table":6,"cobblemon:apricorn_leaves":2,"minecraft:melon":8,"minecraft:rose_bush":3,"quark:blossom_log":4,"minecraft:tall_grass":5,"minecraft:copper_ore":11,"biomesoplenty:sprout":1,"minecraft:sugar_cane":2,"minecraft:oak_planks":27,"farmersdelight:wild_beetroots":1,"minecraft:birch_planks":1,"minecraft:grass":8,"minecraft:oak_log":21,"minecraft:coal_ore":30,"minecraft:gravel":2,"quark:hollow_oak_log":1,"minecraft:oak_leaves":3,"minecraft:fern":5},"minecraft:broken":{"minecraft:stone_axe":1},"minecraft:picked_up":{"minecraft:crafting_table":6,"quark:hollow_oak_log":1,"minecraft:gold_block":2,"minecraft:string":3,"minecraft:moss_carpet":1,"minecraft:raw_copper":35,"minecraft:beef":10,"minecraft:rose_bush":8,"minecraft:light_gray_wool":2,"minecraft:melon_slice":36,"minecraft:sugar_cane":4,"minecraft:furnace":3,"cobblemon:apricorn_log":5,"minecraft:raw_iron":5,"minecraft:pink_carpet":4,"quark:blossom_log":4,"minecraft:porkchop":9,"minecraft:dark_oak_planks":13,"minecraft:rotten_flesh":6,"minecraft:mutton":14,"cobblemon:blue_apricorn":1,"minecraft:white_wool":6,"minecraft:cobblestone":84,"minecraft:cooked_beef":2,"minecraft:tripwire_hook":1,"minecraft:leather":6,"minecraft:birch_planks":1,"minecraft:oak_log":21,"cobblemon:apricorn_boat":1,"minecraft:gunpowder":4,"minecraft:dirt":5,"cobblemon:pink_apricorn_seed":1,"minecraft:bone":4,"minecraft:kelp":4,"minecraft:wheat_seeds":2,"minecraft:cooked_chicken":1,"minecraft:oak_planks":22,"cobblemon:shiny_stone":1,"minecraft:gravel":2,"cobblemon:pink_apricorn":2,"minecraft:white_bed":4,"quark:oak_chest":5,"minecraft:dark_oak_log":1,"minecraft:spider_eye":1,"cobblemon:poke_ball":2,"minecraft:stone_axe":1,"minecraft:gray_wool":3,"minecraft:oak_sapling":1,"minecraft:coal":31},"minecraft:dropped":{"minecraft:iron_ingot":1,"minecraft:wheat_seeds":2,"minecraft:cooked_beef":10,"minecraft:crafting_table":1,"minecraft:cobblestone":1,"minecraft:leather":4,"minecraft:copper_ingot":9,"cobblemon:shiny_stone":1,"minecraft:stick":1,"minecraft:gold_block":2,"minecraft:gray_wool":1,"cobblemon:poke_ball":17,"tombstone:grave_key":2,"minecraft:wooden_axe":1,"minecraft:rose_bush":6,"tombstone:grave_dust":1,"minecraft:string":1,"minecraft:tripwire_hook":1,"minecraft:white_wool":2,"minecraft:bone":2,"minecraft:gravel":2,"minecraft:moss_carpet":1,"minecraft:stone_axe":1,"cobblemon:net_ball":32,"minecraft:kelp":4,"minecraft:cooked_chicken":1,"minecraft:raw_copper":21,"minecraft:wheat":1,"cobblemon:dusk_ball":32,"minecraft:oak_planks":1,"minecraft:pink_carpet":4,"cobblemon:apricorn_planks":12,"minecraft:gunpowder":4,"cobblemon:pink_apricorn_seed":1,"minecraft:oak_sapling":1},"minecraft:crafted":{"cobblemon:apricorn_boat":1,"minecraft:oak_planks":84,"minecraft:cooked_chicken":1,"cobblemon:apricorn_planks":20,"minecraft:furnace":1,"minecraft:stone_pickaxe":1,"minecraft:cooked_beef":15,"quark:blossom_planks":16,"minecraft:cooked_porkchop":6,"minecraft:crafting_table":3,"minecraft:wooden_pickaxe":1,"minecraft:copper_ingot":19,"minecraft:stone_axe":3,"minecraft:bread":1,"minecraft:air":0,"minecraft:stick":16,"quark:oak_chest":3,"minecraft:iron_ingot":4,"minecraft:iron_pickaxe":1,"minecraft:wooden_axe":1,"minecraft:white_bed":1},"minecraft:killed":{"minecraft:spider":2,"minecraft:pig":3,"cobblemon:pokemon":1,"minecraft:sheep":9,"minecraft:zombie":6,"minecraft:cow":6},"minecraft:custom":{"minecraft:mob_kills":28,"minecraft:interact_with_crafting_table":15,"minecraft:damage_dealt_resisted":41,"minecraft:time_since_death":21018,"minecraft:climb_one_cm":786,"minecraft:sprint_one_cm":278250,"minecraft:walk_one_cm":157486,"minecraft:drop":56,"minecraft:damage_dealt_absorbed":40,"minecraft:play_time":91619,"minecraft:deaths":12,"minecraft:sneak_time":2722,"minecraft:walk_under_water_one_cm":6179,"minecraft:boat_one_cm":113061,"minecraft:jump":2136,"minecraft:walk_on_water_one_cm":35579,"minecraft:total_world_time":91619,"minecraft:interact_with_furnace":66,"minecraft:sleep_in_bed":2,"minecraft:time_since_rest":20889,"minecraft:waystone_activated":1,"minecraft:damage_taken":3634,"minecraft:damage_dealt":3755,"minecraft:swim_one_cm":22188,"minecraft:fly_one_cm":569639,"minecraft:open_chest":40,"minecraft:crouch_one_cm":8481,"tombstone:undead_killed":6,"minecraft:fall_one_cm":59471}},"DataVersion":3465}