{"stats":{"minecraft:used":{"minecraft:stone_pickaxe":18,"minecraft:oak_planks":37,"minecraft:wooden_pickaxe":8,"cobblemon:apricorn_boat":1,"minecraft:dirt":2,"minecraft:mutton":13,"minecraft:crafting_table":7,"minecraft:white_bed":4,"minecraft:dark_oak_planks":6,"minecraft:wooden_axe":2,"minecraft:iron_pickaxe":37,"cobblemon:apricorn_planks":1,"minecraft:stone_axe":132,"minecraft:cooked_porkchop":4,"minecraft:furnace":2,"minecraft:porkchop":1,"quark:oak_chest":3,"tombstone:gift":2},"minecraft:killed_by":{"minecraft:vindicator":1,"cobblemon:pokemon":2,"minecraft:skeleton":3,"minecraft:spider":1,"minecraft:vex":1},"minecraft:mined":{"minecraft:dark_oak_planks":11,"minecraft:white_bed":3,"quark:yellow_blossom_leaves":1,"minecraft:dark_oak_log":1,"cobblemon:apricorn_log":5,"minecraft:crafting_table":5,"cobblemon:apricorn_leaves":2,"minecraft:grass_block":1,"minecraft:melon":8,"minecraft:rose_bush":3,"quark:blossom_log":4,"minecraft:copper_ore":8,"minecraft:tall_grass":5,"biomesoplenty:sprout":1,"minecraft:sugar_cane":2,"minecraft:birch_planks":1,"farmersdelight:wild_beetroots":1,"biomesoplenty:jacaranda_log":4,"minecraft:furnace":2,"minecraft:iron_ore":4,"minecraft:moss_carpet":1,"minecraft:gold_block":2,"minecraft:grass":8,"minecraft:coal_ore":21,"minecraft:oak_log":21,"minecraft:gravel":2,"quark:hollow_oak_log":1,"minecraft:stone":23,"minecraft:white_wool":2,"minecraft:oak_leaves":3,"minecraft:fern":3},"minecraft:broken":{"minecraft:stone_axe":1},"minecraft:picked_up":{"minecraft:crafting_table":5,"minecraft:tripwire_hook":1,"minecraft:leather":4,"quark:hollow_oak_log":1,"minecraft:birch_planks":1,"minecraft:gold_block":2,"minecraft:oak_log":21,"cobblemon:apricorn_boat":1,"minecraft:dirt":2,"minecraft:string":1,"minecraft:moss_carpet":1,"minecraft:raw_copper":25,"cobblemon:pink_apricorn_seed":1,"minecraft:bone":2,"minecraft:kelp":4,"minecraft:wheat_seeds":2,"minecraft:beef":10,"minecraft:rose_bush":2,"minecraft:light_gray_wool":2,"minecraft:melon_slice":36,"minecraft:sugar_cane":4,"minecraft:furnace":2,"minecraft:raw_iron":4,"cobblemon:apricorn_log":5,"minecraft:gravel":2,"minecraft:porkchop":8,"quark:blossom_log":4,"cobblemon:pink_apricorn":2,"minecraft:white_bed":3,"minecraft:dark_oak_log":1,"minecraft:dark_oak_planks":11,"minecraft:rotten_flesh":6,"minecraft:stone_axe":1,"minecraft:gray_wool":2,"minecraft:oak_sapling":1,"minecraft:mutton":14,"minecraft:coal":22,"cobblemon:blue_apricorn":1,"minecraft:white_wool":6,"minecraft:cobblestone":21},"minecraft:dropped":{"minecraft:gravel":2,"minecraft:stone_axe":1,"minecraft:moss_carpet":1,"minecraft:kelp":4,"minecraft:wheat_seeds":2,"minecraft:crafting_table":1,"minecraft:wooden_axe":1,"minecraft:oak_sapling":1,"tombstone:grave_dust":1,"minecraft:string":1,"minecraft:tripwire_hook":1},"minecraft:crafted":{"cobblemon:apricorn_boat":1,"minecraft:oak_planks":84,"quark:blossom_planks":16,"minecraft:cooked_porkchop":6,"minecraft:crafting_table":3,"minecraft:wooden_pickaxe":1,"cobblemon:apricorn_planks":20,"minecraft:furnace":1,"minecraft:copper_ingot":4,"minecraft:stone_axe":2,"minecraft:air":0,"minecraft:stick":12,"quark:oak_chest":3,"minecraft:iron_ingot":4,"minecraft:iron_pickaxe":1,"minecraft:stone_pickaxe":1,"minecraft:wooden_axe":1,"minecraft:white_bed":1},"minecraft:killed":{"minecraft:pig":2,"cobblemon:pokemon":1,"minecraft:spider":1,"minecraft:sheep":9,"minecraft:zombie":6,"minecraft:cow":6},"minecraft:custom":{"minecraft:interact_with_furnace":26,"minecraft:mob_kills":26,"minecraft:interact_with_crafting_table":13,"minecraft:damage_dealt_resisted":41,"minecraft:time_since_death":984,"minecraft:sleep_in_bed":2,"minecraft:climb_one_cm":786,"minecraft:time_since_rest":479,"minecraft:waystone_activated":1,"minecraft:sprint_one_cm":211941,"minecraft:damage_taken":2799,"minecraft:walk_one_cm":107332,"minecraft:drop":16,"minecraft:damage_dealt":3405,"minecraft:damage_dealt_absorbed":40,"minecraft:swim_one_cm":20108,"minecraft:fly_one_cm":427798,"minecraft:open_chest":10,"minecraft:crouch_one_cm":2412,"minecraft:play_time":67619,"tombstone:undead_killed":6,"minecraft:deaths":9,"minecraft:sneak_time":927,"minecraft:walk_under_water_one_cm":4894,"minecraft:boat_one_cm":113061,"minecraft:jump":1643,"minecraft:walk_on_water_one_cm":30746,"minecraft:total_world_time":67619,"minecraft:fall_one_cm":47862}},"DataVersion":3465}