{"stats":{"minecraft:used":{"minecraft:stone_pickaxe":18,"minecraft:oak_planks":37,"minecraft:wooden_pickaxe":8,"cobblemon:apricorn_boat":1,"minecraft:dirt":2,"minecraft:mutton":13,"minecraft:crafting_table":7,"minecraft:white_bed":4,"minecraft:dark_oak_planks":6,"minecraft:wooden_axe":2,"minecraft:iron_pickaxe":38,"cobblemon:apricorn_planks":1,"minecraft:stone_axe":138,"minecraft:cooked_porkchop":4,"minecraft:furnace":3,"minecraft:porkchop":1,"quark:oak_chest":3,"tombstone:gift":3},"minecraft:killed_by":{"minecraft:vindicator":4,"cobblemon:pokemon":2,"minecraft:skeleton":3,"minecraft:spider":1,"minecraft:vex":1},"minecraft:mined":{"minecraft:dark_oak_planks":13,"minecraft:white_bed":4,"quark:yellow_blossom_leaves":1,"quark:oak_chest":5,"minecraft:dark_oak_log":1,"cobblemon:apricorn_log":5,"minecraft:crafting_table":5,"cobblemon:apricorn_leaves":2,"minecraft:grass_block":1,"minecraft:melon":8,"minecraft:rose_bush":3,"quark:blossom_log":4,"minecraft:copper_ore":8,"minecraft:tall_grass":5,"biomesoplenty:sprout":1,"minecraft:sugar_cane":2,"minecraft:birch_planks":1,"farmersdelight:wild_beetroots":1,"biomesoplenty:jacaranda_log":4,"minecraft:furnace":3,"minecraft:iron_ore":4,"minecraft:moss_carpet":1,"minecraft:gold_block":2,"minecraft:grass":8,"minecraft:coal_ore":21,"minecraft:oak_log":21,"minecraft:gravel":2,"quark:hollow_oak_log":1,"minecraft:stone":23,"minecraft:white_wool":2,"minecraft:oak_leaves":3,"minecraft:fern":3},"minecraft:broken":{"minecraft:stone_axe":1},"minecraft:picked_up":{"minecraft:crafting_table":5,"minecraft:cooked_beef":2,"minecraft:tripwire_hook":1,"minecraft:leather":4,"quark:hollow_oak_log":1,"minecraft:birch_planks":1,"minecraft:gold_block":2,"minecraft:oak_log":21,"cobblemon:apricorn_boat":1,"minecraft:gunpowder":2,"minecraft:dirt":2,"minecraft:string":1,"minecraft:moss_carpet":1,"minecraft:raw_copper":25,"cobblemon:pink_apricorn_seed":1,"minecraft:bone":3,"minecraft:kelp":4,"minecraft:wheat_seeds":2,"minecraft:beef":10,"minecraft:rose_bush":6,"minecraft:light_gray_wool":2,"minecraft:melon_slice":36,"minecraft:sugar_cane":4,"minecraft:furnace":3,"minecraft:raw_iron":4,"cobblemon:apricorn_log":5,"minecraft:pink_carpet":2,"minecraft:gravel":2,"minecraft:porkchop":8,"quark:blossom_log":4,"quark:oak_chest":5,"cobblemon:pink_apricorn":2,"minecraft:white_bed":4,"minecraft:dark_oak_log":1,"minecraft:dark_oak_planks":13,"minecraft:rotten_flesh":6,"minecraft:stone_axe":1,"minecraft:gray_wool":2,"minecraft:oak_sapling":1,"minecraft:mutton":14,"minecraft:coal":22,"cobblemon:blue_apricorn":1,"minecraft:white_wool":6,"minecraft:cobblestone":21},"minecraft:dropped":{"minecraft:gravel":2,"minecraft:iron_ingot":1,"minecraft:stone_axe":1,"minecraft:moss_carpet":1,"cobblemon:net_ball":32,"minecraft:kelp":4,"minecraft:wheat_seeds":2,"minecraft:cooked_chicken":1,"minecraft:cooked_beef":10,"minecraft:raw_copper":21,"minecraft:crafting_table":1,"minecraft:wheat":1,"minecraft:pink_carpet":2,"minecraft:leather":4,"minecraft:oak_planks":1,"cobblemon:apricorn_planks":12,"minecraft:copper_ingot":9,"minecraft:gold_block":2,"minecraft:gray_wool":1,"minecraft:gunpowder":2,"tombstone:grave_key":2,"minecraft:wooden_axe":1,"cobblemon:pink_apricorn_seed":1,"minecraft:rose_bush":4,"minecraft:oak_sapling":1,"tombstone:grave_dust":1,"minecraft:string":1,"minecraft:tripwire_hook":1,"minecraft:white_wool":2,"minecraft:bone":1},"minecraft:crafted":{"cobblemon:apricorn_boat":1,"minecraft:cooked_beef":15,"minecraft:oak_planks":84,"quark:blossom_planks":16,"minecraft:cooked_porkchop":6,"minecraft:crafting_table":3,"minecraft:cooked_chicken":1,"minecraft:wooden_pickaxe":1,"cobblemon:apricorn_planks":20,"minecraft:furnace":1,"minecraft:copper_ingot":19,"minecraft:stone_axe":3,"minecraft:bread":1,"minecraft:air":0,"minecraft:stick":16,"quark:oak_chest":3,"minecraft:iron_ingot":4,"minecraft:iron_pickaxe":1,"minecraft:stone_pickaxe":1,"minecraft:wooden_axe":1,"minecraft:white_bed":1},"minecraft:killed":{"minecraft:pig":2,"cobblemon:pokemon":1,"minecraft:spider":1,"minecraft:sheep":9,"minecraft:zombie":6,"minecraft:cow":6},"minecraft:custom":{"minecraft:interact_with_furnace":65,"minecraft:mob_kills":26,"minecraft:interact_with_crafting_table":15,"minecraft:damage_dealt_resisted":41,"minecraft:time_since_death":9018,"minecraft:sleep_in_bed":2,"minecraft:climb_one_cm":786,"minecraft:time_since_rest":8889,"minecraft:waystone_activated":1,"minecraft:sprint_one_cm":238967,"minecraft:damage_taken":3584,"minecraft:walk_one_cm":131793,"minecraft:drop":44,"minecraft:damage_dealt":3495,"minecraft:damage_dealt_absorbed":40,"minecraft:swim_one_cm":20108,"minecraft:fly_one_cm":477507,"minecraft:open_chest":40,"minecraft:crouch_one_cm":2875,"minecraft:play_time":79619,"tombstone:undead_killed":6,"minecraft:deaths":12,"minecraft:sneak_time":1061,"minecraft:walk_under_water_one_cm":4894,"minecraft:boat_one_cm":113061,"minecraft:jump":1792,"minecraft:walk_on_water_one_cm":30746,"minecraft:total_world_time":79619,"minecraft:fall_one_cm":51567}},"DataVersion":3465}