{"stats":{"minecraft:used":{"minecraft:cooked_mutton":5,"minecraft:stone_pickaxe":922,"minecraft:chest":2,"minecraft:wooden_pickaxe":9,"minecraft:cooked_chicken":2,"minecraft:oak_door":3,"minecraft:torch":49,"minecraft:dirt":3,"minecraft:crafting_table":6,"minecraft:apple":1,"minecraft:gravel":1,"minecraft:stone_axe":80,"minecraft:cobblestone":14,"minecraft:furnace":3,"minecraft:gray_bed":1,"tombstone:gift":2,"minecraft:cooked_beef":4},"minecraft:mined":{"minecraft:podzol":1,"minecraft:tuff":2,"minecraft:oak_door":1,"minecraft:crafting_table":6,"minecraft:granite":4,"minecraft:chest":1,"supplementaries:wild_flax":10,"minecraft:copper_ore":6,"minecraft:cobblestone":7,"biomesoplenty:sprout":1,"minecraft:sugar_cane":9,"minecraft:diorite":27,"minecraft:wall_torch":4,"supplementaries:urn":5,"minecraft:raw_iron_block":1,"minecraft:furnace":3,"minecraft:gray_bed":1,"minecraft:andesite":19,"minecraft:grass":1,"minecraft:oak_log":16,"minecraft:coal_ore":23,"quark:monster_box":1,"minecraft:deepslate_iron_ore":6,"minecraft:gravel":13,"minecraft:dirt":15,"minecraft:stone":139,"minecraft:deepslate":687,"minecraft:oak_leaves":3,"minecraft:fern":1},"minecraft:picked_up":{"minecraft:crafting_table":6,"minecraft:cooked_beef":2,"minecraft:chicken":2,"minecraft:andesite":19,"minecraft:leather":1,"cobblemon:red_apricorn":1,"minecraft:tuff":2,"minecraft:oak_log":11,"supplementaries:flax_seeds":15,"minecraft:gunpowder":4,"minecraft:string":2,"minecraft:dirt":16,"minecraft:raw_copper":26,"minecraft:cooked_mutton":3,"minecraft:bone":10,"minecraft:apple":1,"minecraft:kelp":9,"minecraft:wheat_seeds":1,"minecraft:cobbled_deepslate":686,"minecraft:beef":4,"cobblemon:big_root":1,"minecraft:gray_bed":1,"minecraft:sugar_cane":16,"minecraft:chest":1,"minecraft:furnace":3,"cobblemon:red_apricorn_seed":1,"minecraft:stick":2,"minecraft:raw_iron":6,"minecraft:oak_door":1,"minecraft:torch":9,"minecraft:raw_iron_block":1,"minecraft:gravel":9,"minecraft:diorite":27,"minecraft:spider_eye":1,"minecraft:bundle":1,"minecraft:arrow":11,"minecraft:rotten_flesh":11,"minecraft:granite":4,"supplementaries:ash":6,"minecraft:oak_sapling":5,"minecraft:mutton":5,"minecraft:coal":23,"minecraft:white_wool":3,"minecraft:cobblestone":146},"minecraft:broken":{"minecraft:stone_pickaxe":3},"minecraft:dropped":{"minecraft:wheat_seeds":1,"minecraft:rotten_flesh":10,"supplementaries:ash":6,"minecraft:diorite":27,"minecraft:spider_eye":1,"minecraft:arrow":2,"minecraft:wooden_pickaxe":1},"minecraft:crafted":{"minecraft:cooked_beef":2,"minecraft:oak_door":3,"minecraft:oak_planks":36,"minecraft:raw_iron":9,"minecraft:crafting_table":1,"minecraft:cooked_chicken":2,"minecraft:wooden_pickaxe":1,"minecraft:furnace":1,"minecraft:stone_axe":1,"minecraft:cooked_mutton":2,"minecraft:air":0,"minecraft:stick":28,"quark:oak_chest":1,"minecraft:stone_pickaxe":10,"minecraft:chest":1,"minecraft:torch":48},"minecraft:killed":{"cobblemon:pokemon":4,"minecraft:spider":2,"minecraft:creeper":4,"minecraft:skeleton":1,"minecraft:sheep":3,"minecraft:zombie":9,"minecraft:cow":2},"minecraft:custom":{"minecraft:interact_with_furnace":16,"minecraft:mob_kills":25,"minecraft:interact_with_crafting_table":12,"minecraft:open_barrel":7,"minecraft:leave_game":3,"minecraft:time_since_death":65759,"minecraft:time_since_rest":65759,"minecraft:waystone_activated":1,"minecraft:sprint_one_cm":133010,"minecraft:damage_taken":672,"minecraft:walk_one_cm":150983,"minecraft:drop":13,"minecraft:damage_dealt":3928,"minecraft:swim_one_cm":20604,"minecraft:fly_one_cm":186003,"minecraft:open_chest":22,"minecraft:crouch_one_cm":5244,"minecraft:play_time":65759,"tombstone:undead_killed":10,"minecraft:sneak_time":3432,"minecraft:walk_under_water_one_cm":4425,"minecraft:jump":797,"minecraft:walk_on_water_one_cm":5157,"minecraft:total_world_time":65759,"minecraft:fall_one_cm":27194}},"DataVersion":3465}