{"stats":{"minecraft:used":{"minecraft:stone_pickaxe":316,"minecraft:wooden_pickaxe":9,"minecraft:oak_door":3,"minecraft:torch":7,"minecraft:dirt":3,"minecraft:crafting_table":5,"minecraft:apple":1,"minecraft:gravel":1,"minecraft:stone_axe":26,"minecraft:cobblestone":10,"minecraft:furnace":1,"minecraft:cooked_beef":4},"minecraft:mined":{"minecraft:podzol":1,"minecraft:tuff":1,"minecraft:oak_door":1,"minecraft:crafting_table":5,"minecraft:granite":4,"minecraft:chest":1,"supplementaries:wild_flax":10,"minecraft:copper_ore":6,"minecraft:cobblestone":3,"biomesoplenty:sprout":1,"minecraft:sugar_cane":9,"minecraft:diorite":27,"minecraft:wall_torch":3,"minecraft:furnace":1,"minecraft:andesite":19,"minecraft:grass":1,"minecraft:oak_log":16,"minecraft:coal_ore":23,"minecraft:gravel":13,"minecraft:dirt":15,"minecraft:stone":139,"minecraft:deepslate":97,"minecraft:oak_leaves":3,"minecraft:fern":1},"minecraft:picked_up":{"minecraft:crafting_table":5,"minecraft:cooked_beef":2,"minecraft:andesite":19,"minecraft:leather":1,"cobblemon:red_apricorn":1,"minecraft:oak_log":11,"supplementaries:flax_seeds":10,"minecraft:dirt":16,"minecraft:raw_copper":21,"minecraft:apple":1,"minecraft:kelp":9,"minecraft:wheat_seeds":1,"minecraft:cobbled_deepslate":95,"minecraft:beef":4,"minecraft:sugar_cane":16,"minecraft:chest":1,"minecraft:furnace":1,"cobblemon:red_apricorn_seed":1,"minecraft:stick":2,"minecraft:oak_door":1,"minecraft:torch":3,"minecraft:gravel":9,"minecraft:diorite":27,"minecraft:granite":4,"minecraft:oak_sapling":5,"minecraft:mutton":5,"minecraft:coal":23,"minecraft:white_wool":3,"minecraft:cobblestone":142},"minecraft:broken":{"minecraft:stone_pickaxe":1},"minecraft:dropped":{"minecraft:diorite":27,"minecraft:wooden_pickaxe":1},"minecraft:crafted":{"minecraft:cooked_beef":2,"minecraft:oak_door":3,"minecraft:oak_planks":20,"minecraft:crafting_table":1,"minecraft:wooden_pickaxe":1,"minecraft:furnace":1,"minecraft:stone_axe":1,"minecraft:air":0,"minecraft:stick":12,"minecraft:stone_pickaxe":3,"minecraft:torch":16},"minecraft:killed":{"minecraft:sheep":3,"minecraft:zombie":1,"minecraft:cow":2},"minecraft:custom":{"minecraft:interact_with_furnace":4,"minecraft:mob_kills":6,"minecraft:interact_with_crafting_table":6,"minecraft:leave_game":3,"minecraft:time_since_death":35759,"minecraft:time_since_rest":35759,"minecraft:waystone_activated":1,"minecraft:sprint_one_cm":43413,"minecraft:damage_taken":305,"minecraft:walk_one_cm":42112,"minecraft:drop":2,"minecraft:damage_dealt":624,"minecraft:swim_one_cm":20604,"minecraft:fly_one_cm":113727,"minecraft:open_chest":1,"minecraft:crouch_one_cm":1670,"minecraft:play_time":35759,"tombstone:undead_killed":1,"minecraft:sneak_time":570,"minecraft:walk_under_water_one_cm":4425,"minecraft:jump":396,"minecraft:walk_on_water_one_cm":5157,"minecraft:total_world_time":35759,"minecraft:fall_one_cm":13890}},"DataVersion":3465}