{"stats":{"minecraft:used":{"minecraft:cooked_mutton":4,"minecraft:stone_pickaxe":373,"minecraft:wooden_pickaxe":9,"minecraft:oak_door":3,"minecraft:torch":24,"minecraft:dirt":3,"minecraft:crafting_table":6,"minecraft:apple":1,"minecraft:gravel":1,"minecraft:stone_axe":58,"minecraft:cobblestone":14,"minecraft:furnace":3,"tombstone:gift":2,"minecraft:cooked_beef":4},"minecraft:mined":{"minecraft:podzol":1,"minecraft:tuff":1,"minecraft:oak_door":1,"minecraft:crafting_table":6,"minecraft:granite":4,"minecraft:chest":1,"supplementaries:wild_flax":10,"minecraft:copper_ore":6,"minecraft:cobblestone":7,"biomesoplenty:sprout":1,"minecraft:sugar_cane":9,"minecraft:diorite":27,"minecraft:wall_torch":4,"supplementaries:urn":2,"minecraft:furnace":3,"minecraft:andesite":19,"minecraft:grass":1,"minecraft:oak_log":16,"minecraft:coal_ore":23,"minecraft:deepslate_iron_ore":2,"minecraft:gravel":13,"minecraft:dirt":15,"minecraft:stone":139,"minecraft:deepslate":145,"minecraft:oak_leaves":3,"minecraft:fern":1},"minecraft:picked_up":{"minecraft:crafting_table":6,"minecraft:cooked_beef":2,"minecraft:andesite":19,"minecraft:leather":1,"cobblemon:red_apricorn":1,"minecraft:tuff":1,"minecraft:oak_log":11,"supplementaries:flax_seeds":10,"minecraft:dirt":16,"minecraft:raw_copper":26,"minecraft:cooked_mutton":3,"minecraft:bone":1,"minecraft:apple":1,"minecraft:kelp":9,"minecraft:wheat_seeds":1,"minecraft:cobbled_deepslate":144,"minecraft:beef":4,"minecraft:sugar_cane":16,"minecraft:chest":1,"minecraft:furnace":3,"cobblemon:red_apricorn_seed":1,"minecraft:stick":2,"minecraft:raw_iron":2,"minecraft:oak_door":1,"minecraft:torch":8,"minecraft:gravel":9,"minecraft:diorite":27,"minecraft:bundle":1,"minecraft:arrow":4,"minecraft:rotten_flesh":9,"minecraft:granite":4,"supplementaries:ash":3,"minecraft:oak_sapling":5,"minecraft:mutton":5,"minecraft:coal":23,"minecraft:white_wool":3,"minecraft:cobblestone":146},"minecraft:broken":{"minecraft:stone_pickaxe":1},"minecraft:dropped":{"minecraft:wheat_seeds":1,"minecraft:rotten_flesh":9,"supplementaries:ash":3,"minecraft:diorite":27,"minecraft:arrow":2,"minecraft:wooden_pickaxe":1},"minecraft:crafted":{"minecraft:cooked_beef":2,"minecraft:oak_door":3,"minecraft:oak_planks":20,"minecraft:crafting_table":1,"minecraft:wooden_pickaxe":1,"minecraft:furnace":1,"minecraft:stone_axe":1,"minecraft:cooked_mutton":2,"minecraft:air":0,"minecraft:stick":12,"minecraft:stone_pickaxe":4,"minecraft:torch":16},"minecraft:killed":{"minecraft:skeleton":1,"minecraft:sheep":3,"minecraft:zombie":9,"minecraft:cow":2},"minecraft:custom":{"minecraft:interact_with_furnace":8,"minecraft:mob_kills":15,"minecraft:interact_with_crafting_table":6,"minecraft:open_barrel":1,"minecraft:leave_game":3,"minecraft:time_since_death":47759,"minecraft:time_since_rest":47759,"minecraft:waystone_activated":1,"minecraft:sprint_one_cm":79413,"minecraft:damage_taken":545,"minecraft:walk_one_cm":66307,"minecraft:drop":8,"minecraft:damage_dealt":2409,"minecraft:swim_one_cm":20604,"minecraft:fly_one_cm":132238,"minecraft:open_chest":3,"minecraft:crouch_one_cm":3305,"minecraft:play_time":47759,"tombstone:undead_killed":10,"minecraft:sneak_time":2196,"minecraft:walk_under_water_one_cm":4425,"minecraft:jump":525,"minecraft:walk_on_water_one_cm":5157,"minecraft:total_world_time":47759,"minecraft:fall_one_cm":15264}},"DataVersion":3465}