{"stats":{"minecraft:used":{"minecraft:cooked_mutton":5,"minecraft:stone_pickaxe":1208,"minecraft:decorated_pot":1,"minecraft:chest":2,"minecraft:wooden_pickaxe":9,"minecraft:cooked_chicken":2,"minecraft:oak_door":3,"minecraft:torch":54,"minecraft:dirt":7,"minecraft:crafting_table":6,"minecraft:apple":1,"minecraft:iron_pickaxe":18,"minecraft:gravel":1,"minecraft:barrel":1,"minecraft:stone_axe":81,"minecraft:cobblestone":14,"minecraft:furnace":4,"minecraft:gray_bed":1,"tombstone:gift":2,"minecraft:cooked_beef":4,"minecraft:cobbled_deepslate":46},"minecraft:mined":{"minecraft:podzol":1,"minecraft:tuff":13,"trials:chiseled_tuff_bricks":7,"minecraft:deepslate_diamond_ore":1,"minecraft:oak_door":1,"trials:tuff_bricks":14,"minecraft:torch":1,"minecraft:crafting_table":6,"minecraft:granite":4,"minecraft:decorated_pot":1,"minecraft:chest":1,"trials:chiseled_tuff":1,"supplementaries:wild_flax":10,"minecraft:copper_ore":6,"minecraft:cobblestone":7,"biomesoplenty:sprout":1,"minecraft:sugar_cane":9,"minecraft:diorite":27,"minecraft:wall_torch":4,"supplementaries:urn":5,"minecraft:raw_iron_block":1,"minecraft:furnace":3,"minecraft:barrel":1,"minecraft:gray_bed":1,"minecraft:andesite":19,"trials:polished_tuff":1,"minecraft:grass":1,"minecraft:oak_log":16,"minecraft:coal_ore":23,"quark:monster_box":1,"minecraft:deepslate_iron_ore":209,"minecraft:gravel":13,"minecraft:dirt":19,"minecraft:stone":139,"minecraft:deepslate":753,"minecraft:oak_leaves":3,"minecraft:fern":1},"minecraft:picked_up":{"minecraft:crafting_table":6,"minecraft:cooked_beef":2,"minecraft:chicken":2,"minecraft:andesite":19,"minecraft:leather":1,"cobblemon:red_apricorn":1,"minecraft:tuff":13,"minecraft:oak_log":11,"supplementaries:flax_seeds":15,"minecraft:gunpowder":4,"minecraft:string":2,"minecraft:dirt":20,"minecraft:raw_copper":26,"minecraft:cooked_mutton":3,"minecraft:bone":10,"minecraft:apple":1,"minecraft:kelp":9,"minecraft:wheat_seeds":1,"minecraft:cobbled_deepslate":752,"trials:chiseled_tuff":1,"trials:tuff_bricks":14,"minecraft:beef":4,"cobblemon:big_root":1,"minecraft:gray_bed":1,"minecraft:sugar_cane":16,"minecraft:chest":1,"minecraft:furnace":3,"cobblemon:red_apricorn_seed":1,"minecraft:stick":2,"minecraft:raw_iron":209,"minecraft:oak_door":1,"minecraft:torch":10,"minecraft:raw_iron_block":1,"minecraft:gravel":9,"trials:chiseled_tuff_bricks":7,"minecraft:diorite":27,"trials:polished_tuff":1,"minecraft:barrel":1,"minecraft:spider_eye":1,"minecraft:bundle":1,"minecraft:arrow":11,"minecraft:rotten_flesh":11,"minecraft:diamond":1,"minecraft:decorated_pot":1,"minecraft:granite":4,"supplementaries:ash":6,"minecraft:oak_sapling":5,"minecraft:mutton":5,"minecraft:coal":23,"minecraft:white_wool":3,"minecraft:cobblestone":146},"minecraft:broken":{"minecraft:stone_pickaxe":5},"minecraft:dropped":{"trials:tuff_bricks":14,"minecraft:wheat_seeds":1,"minecraft:tuff":11,"trials:chiseled_tuff_bricks":7,"trials:chiseled_tuff":1,"minecraft:rotten_flesh":10,"supplementaries:ash":6,"minecraft:diorite":27,"minecraft:spider_eye":1,"minecraft:arrow":2,"minecraft:wooden_pickaxe":1},"minecraft:crafted":{"minecraft:cooked_beef":2,"minecraft:oak_door":3,"minecraft:oak_planks":44,"minecraft:raw_iron":9,"minecraft:crafting_table":1,"minecraft:cooked_chicken":2,"minecraft:wooden_pickaxe":1,"minecraft:furnace":1,"minecraft:stone_axe":2,"minecraft:cooked_mutton":2,"minecraft:air":0,"minecraft:stick":40,"quark:oak_chest":1,"minecraft:iron_ingot":8,"minecraft:iron_pickaxe":1,"minecraft:stone_pickaxe":15,"minecraft:chest":1,"minecraft:torch":48},"minecraft:killed":{"cobblemon:pokemon":4,"minecraft:spider":2,"minecraft:creeper":4,"minecraft:skeleton":1,"minecraft:sheep":3,"minecraft:zombie":9,"minecraft:cow":2},"minecraft:custom":{"minecraft:interact_with_furnace":21,"minecraft:mob_kills":25,"minecraft:interact_with_crafting_table":15,"minecraft:open_barrel":8,"minecraft:leave_game":3,"minecraft:time_since_death":77759,"minecraft:time_since_rest":77759,"minecraft:waystone_activated":1,"minecraft:sprint_one_cm":145894,"minecraft:damage_taken":702,"minecraft:walk_one_cm":185861,"minecraft:drop":17,"minecraft:damage_dealt":3928,"minecraft:swim_one_cm":20604,"minecraft:fly_one_cm":201861,"minecraft:open_chest":37,"minecraft:crouch_one_cm":9216,"minecraft:play_time":77759,"tombstone:undead_killed":10,"minecraft:sneak_time":4972,"minecraft:walk_under_water_one_cm":4425,"minecraft:jump":912,"minecraft:walk_on_water_one_cm":5157,"minecraft:total_world_time":77759,"minecraft:fall_one_cm":30981}},"DataVersion":3465}