{"stats":{"minecraft:used":{"minecraft:apple":1,"minecraft:stone_pickaxe":43,"minecraft:wooden_pickaxe":9,"minecraft:gravel":1,"minecraft:stone_axe":22,"minecraft:torch":1,"minecraft:dirt":3,"minecraft:crafting_table":2},"minecraft:mined":{"minecraft:podzol":1,"minecraft:crafting_table":2,"minecraft:grass":1,"minecraft:coal_ore":23,"minecraft:oak_log":16,"minecraft:chest":1,"minecraft:gravel":1,"supplementaries:wild_flax":10,"minecraft:dirt":7,"biomesoplenty:sprout":1,"minecraft:stone":26,"minecraft:sugar_cane":9,"minecraft:oak_leaves":3},"minecraft:picked_up":{"cobblemon:red_apricorn_seed":1,"minecraft:stick":2,"minecraft:crafting_table":2,"minecraft:leather":1,"cobblemon:red_apricorn":1,"minecraft:gravel":1,"minecraft:oak_log":11,"supplementaries:flax_seeds":10,"minecraft:dirt":8,"minecraft:apple":1,"minecraft:kelp":9,"minecraft:beef":4,"minecraft:oak_sapling":5,"minecraft:chest":1,"minecraft:sugar_cane":16,"minecraft:mutton":5,"minecraft:coal":23,"minecraft:white_wool":3,"minecraft:cobblestone":26},"minecraft:dropped":{"minecraft:wooden_pickaxe":1},"minecraft:crafted":{"minecraft:oak_planks":16,"minecraft:crafting_table":1,"minecraft:stick":8,"minecraft:wooden_pickaxe":1,"minecraft:stone_pickaxe":1,"minecraft:torch":16,"minecraft:stone_axe":1},"minecraft:killed":{"minecraft:sheep":3,"minecraft:zombie":1,"minecraft:cow":2},"minecraft:custom":{"minecraft:time_since_rest":23759,"minecraft:waystone_activated":1,"minecraft:sprint_one_cm":43363,"minecraft:damage_taken":105,"minecraft:walk_one_cm":30095,"minecraft:mob_kills":6,"minecraft:drop":1,"minecraft:damage_dealt":624,"minecraft:swim_one_cm":1719,"minecraft:interact_with_crafting_table":2,"minecraft:fly_one_cm":113164,"minecraft:open_chest":1,"minecraft:crouch_one_cm":1670,"minecraft:play_time":23759,"tombstone:undead_killed":1,"minecraft:walk_under_water_one_cm":286,"minecraft:sneak_time":532,"minecraft:jump":378,"minecraft:leave_game":3,"minecraft:time_since_death":23759,"minecraft:walk_on_water_one_cm":1553,"minecraft:total_world_time":23759,"minecraft:fall_one_cm":13890}},"DataVersion":3465}