{"stats":{"minecraft:used":{"minecraft:decorated_pot":1,"minecraft:chest":2,"minecraft:cooked_chicken":2,"minecraft:oak_door":3,"minecraft:torch":55,"minecraft:dirt":7,"minecraft:barrel":1,"minecraft:furnace":5,"minecraft:gray_bed":1,"tombstone:gift":2,"minecraft:cooked_beef":4,"minecraft:cobbled_deepslate":73,"minecraft:cooked_mutton":5,"minecraft:stone_pickaxe":1278,"minecraft:wooden_pickaxe":9,"minecraft:crafting_table":6,"minecraft:apple":1,"minecraft:bread":3,"minecraft:iron_pickaxe":18,"minecraft:gravel":1,"minecraft:stone_axe":146,"minecraft:cobblestone":14},"minecraft:mined":{"minecraft:tuff":13,"minecraft:deepslate_diamond_ore":1,"minecraft:oak_door":1,"trials:tuff_bricks":14,"minecraft:granite":4,"minecraft:decorated_pot":1,"trials:chiseled_tuff":1,"minecraft:cartography_table":1,"minecraft:raw_iron_block":1,"minecraft:furnace":3,"minecraft:barrel":1,"minecraft:andesite":19,"minecraft:deepslate_iron_ore":209,"minecraft:stone":139,"minecraft:podzol":1,"trials:chiseled_tuff_bricks":7,"minecraft:smoker":2,"minecraft:crafting_table":6,"minecraft:torch":1,"minecraft:blast_furnace":1,"minecraft:chest":1,"supplementaries:wild_flax":10,"minecraft:campfire":1,"minecraft:copper_ore":6,"minecraft:cobblestone":7,"biomesoplenty:sprout":1,"minecraft:sugar_cane":9,"minecraft:diorite":27,"minecraft:wall_torch":5,"supplementaries:urn":5,"minecraft:gray_bed":1,"trials:polished_tuff":1,"minecraft:grass":1,"minecraft:coal_ore":23,"minecraft:oak_log":16,"quark:monster_box":1,"minecraft:gravel":13,"minecraft:dirt":19,"minecraft:oak_leaves":3,"minecraft:deepslate":753,"minecraft:fern":1},"minecraft:broken":{"minecraft:stone_pickaxe":6,"minecraft:stone_axe":1},"minecraft:picked_up":{"minecraft:charcoal":2,"minecraft:crafting_table":6,"minecraft:chicken":2,"cobblemon:red_apricorn":1,"minecraft:potion":1,"minecraft:string":9,"minecraft:raw_copper":26,"minecraft:cartography_table":1,"minecraft:cobbled_deepslate":752,"trials:tuff_bricks":14,"minecraft:beef":4,"cobblemon:big_root":1,"minecraft:sugar_cane":16,"minecraft:chest":1,"minecraft:furnace":3,"minecraft:raw_iron":209,"minecraft:stick":2,"minecraft:oak_door":1,"minecraft:torch":11,"minecraft:porkchop":8,"minecraft:diorite":27,"minecraft:arrow":11,"minecraft:rotten_flesh":18,"minecraft:decorated_pot":1,"supplementaries:ash":6,"artifacts:panic_necklace":1,"minecraft:mutton":5,"minecraft:white_wool":3,"minecraft:cobblestone":146,"minecraft:cooked_beef":2,"minecraft:andesite":19,"minecraft:leather":1,"minecraft:smoker":2,"minecraft:tuff":13,"minecraft:oak_log":11,"supplementaries:flax_seeds":15,"minecraft:gunpowder":4,"trials:trial_key":2,"minecraft:dirt":20,"minecraft:cooked_mutton":3,"minecraft:bone":10,"minecraft:apple":1,"minecraft:kelp":9,"minecraft:wheat_seeds":1,"trials:chiseled_tuff":1,"minecraft:gray_bed":1,"cobblemon:red_apricorn_seed":1,"minecraft:raw_iron_block":1,"minecraft:gravel":9,"trials:chiseled_tuff_bricks":7,"minecraft:blast_furnace":1,"minecraft:spider_eye":3,"trials:polished_tuff":1,"minecraft:barrel":1,"minecraft:bundle":1,"minecraft:diamond":1,"minecraft:granite":4,"minecraft:baked_potato":3,"minecraft:oak_sapling":5,"minecraft:coal":23},"minecraft:dropped":{"minecraft:wheat_seeds":1,"trials:chiseled_tuff":1,"minecraft:diorite":27,"trials:tuff_bricks":14,"minecraft:tuff":11,"trials:chiseled_tuff_bricks":7,"minecraft:rotten_flesh":10,"supplementaries:ash":6,"minecraft:spider_eye":1,"minecraft:arrow":2,"minecraft:wooden_pickaxe":1},"minecraft:crafted":{"minecraft:oak_door":3,"minecraft:oak_planks":44,"minecraft:raw_iron":9,"minecraft:cooked_chicken":2,"minecraft:furnace":2,"minecraft:cooked_mutton":2,"minecraft:iron_boots":1,"minecraft:stone_pickaxe":15,"minecraft:chest":1,"minecraft:cooked_beef":2,"minecraft:crafting_table":1,"minecraft:wooden_pickaxe":1,"minecraft:iron_helmet":1,"minecraft:stone_axe":2,"minecraft:air":0,"minecraft:iron_chestplate":1,"minecraft:stick":40,"quark:oak_chest":1,"minecraft:iron_ingot":42,"minecraft:iron_pickaxe":2,"minecraft:iron_leggings":1,"minecraft:torch":48},"minecraft:killed":{"minecraft:spider":8,"minecraft:skeleton":1,"minecraft:silverfish":6,"artifacts:mimic":1,"minecraft:husk":6,"minecraft:pig":6,"cobblemon:pokemon":4,"minecraft:creeper":4,"minecraft:sheep":3,"minecraft:zombie":9,"minecraft:cow":2},"minecraft:custom":{"minecraft:mob_kills":50,"minecraft:interact_with_crafting_table":18,"minecraft:open_barrel":13,"minecraft:leave_game":3,"minecraft:time_since_death":89759,"minecraft:sprint_one_cm":157262,"minecraft:walk_one_cm":231509,"minecraft:drop":17,"minecraft:play_time":89759,"minecraft:sneak_time":8260,"minecraft:walk_under_water_one_cm":4425,"minecraft:jump":1021,"minecraft:walk_on_water_one_cm":5157,"minecraft:total_world_time":89759,"minecraft:interact_with_furnace":32,"minecraft:time_since_rest":89759,"minecraft:waystone_activated":1,"minecraft:damage_taken":827,"minecraft:damage_dealt":7680,"minecraft:fly_one_cm":217146,"minecraft:swim_one_cm":20604,"minecraft:open_chest":49,"minecraft:crouch_one_cm":16269,"tombstone:undead_killed":16,"minecraft:fall_one_cm":31817}},"DataVersion":3465}