{"stats":{"minecraft:used":{"minecraft:cooked_mutton":4,"minecraft:stone_pickaxe":2,"minecraft:wooden_pickaxe":59,"minecraft:stone_axe":42,"minecraft:dirt":1,"minecraft:crafting_table":5,"minecraft:furnace":1,"minecraft:cooked_beef":1},"minecraft:mined":{"minecraft:furnace":1,"minecraft:crafting_table":5,"minecraft:grass":3,"minecraft:grass_block":1,"minecraft:oak_log":4,"minecraft:stone":59,"minecraft:oak_leaves":1},"minecraft:broken":{"minecraft:wooden_pickaxe":1},"minecraft:picked_up":{"minecraft:stick":6,"minecraft:crafting_table":5,"cobblemon:ultra_ball":3,"minecraft:leather":3,"minecraft:porkchop":10,"minecraft:oak_log":4,"minecraft:dirt":1,"minecraft:rotten_flesh":1,"minecraft:wheat_seeds":1,"minecraft:rabbit_hide":1,"minecraft:crossbow":1,"minecraft:beef":1,"minecraft:gray_wool":1,"minecraft:rabbit":1,"minecraft:mutton":9,"minecraft:white_wool":7,"minecraft:cobblestone":59,"minecraft:furnace":1},"minecraft:dropped":{"minecraft:gray_wool":1,"minecraft:wheat_seeds":1,"minecraft:tripwire_hook":4},"minecraft:crafted":{"minecraft:cooked_beef":1,"minecraft:oak_planks":16,"minecraft:crafting_table":1,"minecraft:stick":4,"minecraft:wooden_pickaxe":1,"minecraft:stone_pickaxe":1,"minecraft:wooden_axe":1,"minecraft:furnace":1,"minecraft:stone_axe":1,"minecraft:cooked_mutton":4,"minecraft:air":0},"minecraft:killed":{"minecraft:horse":2,"minecraft:pillager":2,"minecraft:zombie":3,"minecraft:pig":4,"cobblemon:pokemon":8,"minecraft:cow":1},"minecraft:custom":{"minecraft:time_since_rest":53578,"minecraft:waystone_activated":1,"minecraft:interact_with_furnace":8,"minecraft:sprint_one_cm":107419,"minecraft:damage_taken":355,"minecraft:walk_one_cm":96858,"minecraft:mob_kills":20,"minecraft:drop":3,"tombstone:raider_killed":2,"minecraft:damage_dealt":2589,"minecraft:swim_one_cm":1535,"minecraft:interact_with_crafting_table":4,"minecraft:fly_one_cm":244722,"minecraft:crouch_one_cm":1124,"minecraft:play_time":53578,"tombstone:undead_killed":3,"minecraft:sneak_time":393,"minecraft:walk_under_water_one_cm":418,"minecraft:jump":776,"minecraft:walk_on_water_one_cm":86,"minecraft:leave_game":2,"minecraft:time_since_death":53578,"minecraft:total_world_time":53578,"minecraft:fall_one_cm":11428}},"DataVersion":3465}