{"stats":{"minecraft:custom":{"minecraft:time_since_rest":15768,"minecraft:play_time":15768,"minecraft:sprint_one_cm":15632,"minecraft:walk_one_cm":19373,"minecraft:sneak_time":732,"minecraft:walk_under_water_one_cm":19033,"minecraft:jump":95,"minecraft:time_since_death":15768,"minecraft:walk_on_water_one_cm":6556,"minecraft:interact_with_beacon":1,"minecraft:total_world_time":15768,"minecraft:fall_one_cm":1672,"minecraft:fly_one_cm":91386},"minecraft:used":{"minecraft:red_shulker_box":1,"minecraft:light_gray_shulker_box":1,"minecraft:black_concrete":10,"minecraft:dirt":1,"minecraft:grass_block":1,"minecraft:red_concrete":7,"minecraft:iron_block":83,"minecraft:yellow_shulker_box":1,"minecraft:yellow_concrete":3,"minecraft:white_concrete":16,"minecraft:blue_concrete":2,"minecraft:beacon":1,"minecraft:quartz_stairs":50}},"DataVersion":3465}