{"stats":{"minecraft:used":{"minecraft:stone_sword":148,"minecraft:shield":11,"minecraft:dirt":14,"minecraft:diamond_chestplate":1,"minecraft:beef":1,"minecraft:furnace":8,"tombstone:gift":3,"minecraft:cooked_beef":5,"minecraft:cooked_mutton":14,"minecraft:stone_pickaxe":201,"minecraft:oak_planks":3,"minecraft:wooden_pickaxe":59,"minecraft:composter":1,"minecraft:fletching_table":3,"minecraft:crafting_table":9,"minecraft:blast_furnace":1,"minecraft:bread":28,"minecraft:iron_pickaxe":2,"minecraft:stone_axe":200,"minecraft:cobblestone":33,"minecraft:cooked_porkchop":13,"spartanweaponry:diamond_longbow":74,"minecraft:cooked_rabbit":1,"quark:oak_chest":2},"minecraft:mined":{"biomesoplenty:bush":5,"minecraft:grass_block":5,"minecraft:composter":3,"minecraft:furnace":5,"minecraft:carrots":1,"minecraft:iron_ore":4,"minecraft:andesite":19,"minecraft:fletching_table":2,"biomesoplenty:sea_oats":1,"minecraft:stone":94,"minecraft:crafting_table":7,"minecraft:copper_ore":12,"minecraft:tall_grass":1,"biomesoplenty:sprout":3,"minecraft:oak_planks":3,"minecraft:wheat":1,"minecraft:wither_rose":7,"biomesoplenty:umbran_log":920,"minecraft:grass":22,"biomesoplenty:dead_log":4,"minecraft:coal_ore":122,"minecraft:oak_log":16,"minecraft:gravel":39,"minecraft:dirt":9,"minecraft:oak_leaves":1},"minecraft:killed_by":{"cobblemon:pokemon":2,"minecraft:zombie":1},"minecraft:broken":{"minecraft:stone_sword":1,"minecraft:wooden_pickaxe":1,"minecraft:stone_pickaxe":1,"minecraft:stone_axe":2},"minecraft:picked_up":{"minecraft:crafting_table":7,"minecraft:cooked_rabbit":1,"minecraft:wither_rose":2,"minecraft:enchanted_book":1,"minecraft:shield":1,"minecraft:string":27,"minecraft:raw_copper":37,"minecraft:beef":10,"minecraft:calcite":1,"minecraft:iron_boots":12,"minecraft:furnace":5,"minecraft:stick":70,"minecraft:raw_iron":94,"minecraft:composter":3,"minecraft:porkchop":13,"tombstone:grave_dust":2,"minecraft:carrot":1,"minecraft:arrow":9,"minecraft:rotten_flesh":9,"biomesoplenty:umbran_sapling":14,"minecraft:diamond_boots":5,"minecraft:mutton":20,"minecraft:white_wool":14,"minecraft:cobblestone":98,"biomesoplenty:lavender":2,"cobblemon:ultra_ball":46,"minecraft:andesite":1,"minecraft:leather":7,"biomesoplenty:dead_log":4,"minecraft:flint":3,"minecraft:oak_log":16,"minecraft:gunpowder":3,"minecraft:dirt":14,"tombstone:gift":1,"minecraft:cooked_mutton":1,"minecraft:bone":9,"minecraft:bow":1,"minecraft:wheat_seeds":14,"minecraft:rabbit_hide":1,"minecraft:iron_ingot":5,"minecraft:rabbit":1,"minecraft:fletching_table":2,"minecraft:oak_planks":33,"biomesoplenty:umbran_log":920,"minecraft:smooth_basalt":1,"minecraft:raw_iron_block":16,"cobblemon:dusk_ball":461,"minecraft:gravel":36,"minecraft:spider_eye":3,"waystones:waystone":1,"minecraft:chainmail_leggings":32,"minecraft:crossbow":1,"minecraft:gray_wool":1,"tombstone:magic_scroll":1,"minecraft:oak_sapling":1,"minecraft:coal":215},"minecraft:dropped":{"minecraft:enchanted_book":3,"minecraft:wheat_seeds":14,"minecraft:diamond_leggings":1,"minecraft:crossbow":1,"biomesoplenty:lavender":2,"minecraft:cobblestone":8,"minecraft:stick":66,"minecraft:gray_wool":1,"minecraft:mutton":6,"minecraft:wooden_axe":1,"minecraft:raw_iron_block":8,"minecraft:chainmail_leggings":56,"minecraft:string":21,"minecraft:tripwire_hook":4,"minecraft:bone":4,"minecraft:smooth_basalt":1,"minecraft:gravel":36,"minecraft:rotten_flesh":7,"cobblemon:dusk_ball":448,"minecraft:oak_planks":30,"minecraft:iron_boots":21,"minecraft:cooked_mutton":8,"minecraft:carrot":1,"minecraft:rabbit_hide":1,"minecraft:gunpowder":3,"minecraft:oak_sapling":1,"minecraft:spider_eye":3,"minecraft:diamond_boots":6,"minecraft:arrow":3,"minecraft:beef":3,"waystones:waystone":1,"minecraft:calcite":1},"minecraft:crafted":{"minecraft:oak_planks":64,"minecraft:smooth_stone":5,"minecraft:raw_iron":72,"minecraft:furnace":4,"minecraft:blast_furnace":1,"minecraft:stone":6,"minecraft:cooked_mutton":21,"minecraft:diamond_helmet":1,"minecraft:diamond_leggings":2,"minecraft:iron_boots":10,"spartanweaponry:diamond_longbow":1,"minecraft:stone_pickaxe":3,"minecraft:diamond_boots":7,"minecraft:chainmail_leggings":28,"sophisticatedbackpacks:iron_backpack":1,"minecraft:cooked_beef":5,"biomesoplenty:umbran_planks":3680,"minecraft:arrow":64,"minecraft:emerald":234,"sophisticatedbackpacks:backpack":1,"minecraft:cooked_porkchop":13,"minecraft:crafting_table":2,"minecraft:wooden_pickaxe":1,"minecraft:copper_ingot":3,"minecraft:fletching_table":1,"minecraft:stone_axe":2,"minecraft:air":0,"minecraft:bread":60,"minecraft:stick":7376,"quark:oak_chest":3,"minecraft:iron_ingot":156,"minecraft:iron_pickaxe":1,"minecraft:wooden_axe":1,"minecraft:stone_sword":1,"minecraft:diamond_chestplate":1},"minecraft:killed":{"minecraft:spider":10,"minecraft:skeleton":11,"minecraft:horse":2,"minecraft:drowned":2,"minecraft:pig":7,"cobblemon:pokemon":15,"minecraft:iron_golem":1,"minecraft:creeper":5,"minecraft:pillager":2,"minecraft:zombie":16,"minecraft:cow":3},"minecraft:custom":{"minecraft:mob_kills":78,"minecraft:interact_with_crafting_table":36,"minecraft:leave_game":2,"minecraft:time_since_death":17640,"minecraft:damage_resisted":185,"minecraft:sprint_one_cm":513297,"minecraft:walk_one_cm":312026,"minecraft:damage_blocked_by_shield":960,"minecraft:drop":169,"minecraft:damage_dealt_absorbed":158,"minecraft:talked_to_villager":29,"minecraft:play_time":161578,"minecraft:deaths":3,"minecraft:sneak_time":2184,"minecraft:walk_under_water_one_cm":21199,"minecraft:boat_one_cm":104148,"minecraft:jump":3415,"minecraft:interact_with_blast_furnace":4,"minecraft:walk_on_water_one_cm":21484,"minecraft:total_world_time":161578,"minecraft:interact_with_furnace":81,"spartanshields:shield_bash_hits":1,"tombstone:raider_killed":2,"minecraft:traded_with_villager":298,"minecraft:time_since_rest":16985,"minecraft:waystone_activated":1,"minecraft:damage_taken":3958,"minecraft:damage_dealt":10866,"minecraft:swim_one_cm":119734,"minecraft:fly_one_cm":785436,"minecraft:open_chest":33,"minecraft:crouch_one_cm":4872,"tombstone:undead_killed":29,"minecraft:fall_one_cm":89512}},"DataVersion":3465}