{"stats":{"minecraft:used":{"minecraft:cooked_mutton":9,"minecraft:stone_sword":29,"minecraft:stone_pickaxe":185,"minecraft:shield":1,"minecraft:wooden_pickaxe":59,"minecraft:dirt":14,"minecraft:crafting_table":8,"minecraft:stone_axe":73,"minecraft:cobblestone":33,"minecraft:furnace":5,"minecraft:cooked_porkchop":13,"tombstone:gift":2,"minecraft:cooked_beef":1},"minecraft:mined":{"minecraft:crafting_table":7,"minecraft:grass_block":5,"minecraft:furnace":5,"minecraft:andesite":19,"minecraft:grass":6,"minecraft:oak_log":16,"minecraft:coal_ore":122,"minecraft:dirt":9,"minecraft:stone":94,"minecraft:oak_leaves":1},"minecraft:killed_by":{"cobblemon:pokemon":1},"minecraft:picked_up":{"biomesoplenty:lavender":2,"minecraft:crafting_table":7,"cobblemon:ultra_ball":4,"minecraft:andesite":1,"minecraft:leather":3,"minecraft:cooked_rabbit":1,"minecraft:oak_log":16,"minecraft:shield":1,"minecraft:gunpowder":3,"minecraft:string":6,"minecraft:dirt":14,"minecraft:cooked_mutton":1,"minecraft:bone":4,"minecraft:bow":1,"minecraft:wheat_seeds":11,"minecraft:rabbit_hide":1,"minecraft:beef":4,"minecraft:calcite":1,"minecraft:rabbit":1,"minecraft:furnace":5,"minecraft:stick":6,"minecraft:smooth_basalt":1,"cobblemon:dusk_ball":128,"minecraft:porkchop":13,"minecraft:spider_eye":3,"minecraft:arrow":3,"minecraft:rotten_flesh":4,"waystones:waystone":1,"minecraft:crossbow":1,"minecraft:gray_wool":1,"tombstone:magic_scroll":1,"minecraft:oak_sapling":1,"minecraft:mutton":10,"minecraft:coal":215,"minecraft:white_wool":9,"minecraft:cobblestone":98},"minecraft:broken":{"minecraft:stone_pickaxe":1,"minecraft:stone_axe":1,"minecraft:wooden_pickaxe":1},"minecraft:dropped":{"minecraft:enchanted_book":1,"minecraft:wheat_seeds":11,"biomesoplenty:lavender":2,"minecraft:cobblestone":8,"minecraft:rotten_flesh":4,"cobblemon:dusk_ball":448,"minecraft:cooked_mutton":8,"minecraft:rabbit_hide":1,"minecraft:gray_wool":1,"minecraft:gunpowder":3,"minecraft:wooden_axe":1,"minecraft:oak_sapling":1,"minecraft:spider_eye":2,"minecraft:beef":3,"waystones:waystone":1,"minecraft:calcite":1,"minecraft:tripwire_hook":4,"minecraft:smooth_basalt":1,"minecraft:bone":3},"minecraft:crafted":{"minecraft:cooked_beef":1,"minecraft:oak_planks":64,"minecraft:cooked_porkchop":13,"minecraft:crafting_table":1,"minecraft:wooden_pickaxe":1,"minecraft:furnace":2,"minecraft:stone_axe":2,"minecraft:cooked_mutton":18,"minecraft:air":0,"minecraft:stick":12,"minecraft:stone_pickaxe":3,"minecraft:wooden_axe":1,"minecraft:stone_sword":1},"minecraft:killed":{"minecraft:pig":7,"cobblemon:pokemon":11,"minecraft:spider":4,"minecraft:creeper":3,"minecraft:horse":2,"minecraft:skeleton":3,"minecraft:pillager":2,"minecraft:zombie":6,"minecraft:cow":1},"minecraft:custom":{"minecraft:interact_with_furnace":25,"minecraft:mob_kills":40,"tombstone:raider_killed":2,"minecraft:interact_with_crafting_table":8,"minecraft:leave_game":2,"minecraft:time_since_death":10336,"minecraft:damage_resisted":185,"minecraft:time_since_rest":9546,"minecraft:waystone_activated":1,"minecraft:sprint_one_cm":201020,"minecraft:damage_taken":1882,"minecraft:walk_one_cm":164404,"minecraft:damage_blocked_by_shield":345,"minecraft:drop":39,"minecraft:damage_dealt":5753,"minecraft:swim_one_cm":90270,"minecraft:fly_one_cm":393694,"minecraft:crouch_one_cm":4487,"minecraft:play_time":83578,"tombstone:undead_killed":9,"minecraft:deaths":1,"minecraft:sneak_time":1601,"minecraft:walk_under_water_one_cm":16008,"minecraft:boat_one_cm":54555,"minecraft:jump":1598,"minecraft:walk_on_water_one_cm":10132,"minecraft:total_world_time":83578,"minecraft:fall_one_cm":34228}},"DataVersion":3465}