{"stats":{"minecraft:used":{"minecraft:cooked_mutton":1,"minecraft:stone_pickaxe":2,"minecraft:wooden_pickaxe":59,"minecraft:stone_axe":13,"minecraft:dirt":1,"minecraft:crafting_table":5,"minecraft:furnace":1,"minecraft:cooked_beef":1},"minecraft:mined":{"minecraft:furnace":1,"minecraft:crafting_table":5,"minecraft:grass_block":1,"minecraft:oak_log":4,"minecraft:stone":59,"minecraft:oak_leaves":1},"minecraft:broken":{"minecraft:wooden_pickaxe":1},"minecraft:picked_up":{"minecraft:stick":6,"minecraft:crafting_table":5,"minecraft:leather":1,"minecraft:oak_log":4,"minecraft:dirt":1,"minecraft:rotten_flesh":1,"minecraft:wheat_seeds":1,"minecraft:beef":1,"minecraft:mutton":4,"minecraft:white_wool":3,"minecraft:cobblestone":59,"minecraft:furnace":1},"minecraft:dropped":{"minecraft:wheat_seeds":1,"minecraft:tripwire_hook":4},"minecraft:crafted":{"minecraft:cooked_beef":1,"minecraft:oak_planks":16,"minecraft:crafting_table":1,"minecraft:stick":4,"minecraft:wooden_pickaxe":1,"minecraft:stone_pickaxe":1,"minecraft:wooden_axe":1,"minecraft:furnace":1,"minecraft:stone_axe":1,"minecraft:cooked_mutton":4,"minecraft:air":0},"minecraft:killed":{"minecraft:zombie":2,"cobblemon:pokemon":4,"minecraft:cow":1},"minecraft:custom":{"minecraft:time_since_rest":41578,"minecraft:waystone_activated":1,"minecraft:interact_with_furnace":8,"minecraft:sprint_one_cm":62379,"minecraft:damage_taken":130,"minecraft:walk_one_cm":67468,"minecraft:mob_kills":7,"minecraft:drop":2,"minecraft:damage_dealt":761,"minecraft:interact_with_crafting_table":4,"minecraft:fly_one_cm":168484,"minecraft:crouch_one_cm":731,"minecraft:play_time":41578,"tombstone:undead_killed":2,"minecraft:sneak_time":248,"minecraft:jump":439,"minecraft:leave_game":2,"minecraft:time_since_death":41578,"minecraft:total_world_time":41578,"minecraft:fall_one_cm":2357}},"DataVersion":3465}