{"stats":{"minecraft:used":{"minecraft:cooked_mutton":11,"minecraft:stone_sword":49,"minecraft:stone_pickaxe":189,"minecraft:shield":1,"minecraft:wooden_pickaxe":59,"minecraft:fletching_table":3,"minecraft:dirt":14,"minecraft:crafting_table":9,"minecraft:stone_axe":153,"minecraft:cobblestone":33,"minecraft:beef":1,"minecraft:furnace":5,"minecraft:cooked_porkchop":13,"quark:oak_chest":2,"tombstone:gift":2,"minecraft:cooked_beef":1},"minecraft:mined":{"minecraft:crafting_table":7,"biomesoplenty:bush":1,"minecraft:grass_block":5,"minecraft:composter":1,"minecraft:furnace":5,"minecraft:iron_ore":4,"minecraft:andesite":19,"minecraft:fletching_table":2,"biomesoplenty:umbran_log":74,"minecraft:grass":10,"minecraft:oak_log":16,"minecraft:coal_ore":122,"minecraft:gravel":39,"minecraft:dirt":9,"minecraft:stone":94,"minecraft:oak_leaves":1},"minecraft:killed_by":{"cobblemon:pokemon":1},"minecraft:picked_up":{"biomesoplenty:lavender":2,"minecraft:crafting_table":7,"cobblemon:ultra_ball":5,"minecraft:andesite":1,"minecraft:leather":6,"minecraft:cooked_rabbit":1,"minecraft:flint":3,"minecraft:oak_log":16,"minecraft:shield":1,"minecraft:gunpowder":3,"minecraft:string":24,"minecraft:dirt":14,"minecraft:cooked_mutton":1,"minecraft:bone":4,"minecraft:bow":1,"minecraft:wheat_seeds":11,"minecraft:rabbit_hide":1,"minecraft:beef":9,"minecraft:calcite":1,"minecraft:fletching_table":2,"minecraft:rabbit":1,"minecraft:oak_planks":28,"biomesoplenty:umbran_log":74,"minecraft:furnace":5,"minecraft:raw_iron":4,"minecraft:stick":70,"minecraft:smooth_basalt":1,"minecraft:composter":1,"cobblemon:dusk_ball":128,"minecraft:gravel":36,"minecraft:porkchop":13,"minecraft:spider_eye":3,"minecraft:arrow":3,"minecraft:rotten_flesh":4,"waystones:waystone":1,"minecraft:crossbow":1,"minecraft:gray_wool":1,"tombstone:magic_scroll":1,"minecraft:oak_sapling":1,"minecraft:mutton":15,"minecraft:coal":215,"minecraft:white_wool":12,"minecraft:cobblestone":98},"minecraft:broken":{"minecraft:stone_pickaxe":1,"minecraft:stone_axe":1,"minecraft:wooden_pickaxe":1},"minecraft:dropped":{"minecraft:enchanted_book":1,"minecraft:wheat_seeds":11,"biomesoplenty:lavender":2,"minecraft:cobblestone":8,"minecraft:rotten_flesh":4,"cobblemon:dusk_ball":448,"minecraft:oak_planks":28,"minecraft:cooked_mutton":8,"minecraft:stick":65,"minecraft:rabbit_hide":1,"minecraft:gray_wool":1,"minecraft:gunpowder":3,"minecraft:mutton":6,"minecraft:wooden_axe":1,"minecraft:oak_sapling":1,"minecraft:spider_eye":3,"minecraft:arrow":3,"minecraft:beef":3,"waystones:waystone":1,"minecraft:calcite":1,"minecraft:string":18,"minecraft:tripwire_hook":4,"minecraft:smooth_basalt":1,"minecraft:bone":4,"minecraft:gravel":36},"minecraft:crafted":{"minecraft:cooked_beef":1,"biomesoplenty:umbran_planks":296,"minecraft:oak_planks":64,"minecraft:emerald":16,"minecraft:cooked_porkchop":13,"minecraft:crafting_table":2,"minecraft:wooden_pickaxe":1,"minecraft:furnace":2,"minecraft:fletching_table":1,"minecraft:stone_axe":2,"minecraft:cooked_mutton":18,"minecraft:air":0,"minecraft:stick":524,"quark:oak_chest":2,"minecraft:stone_pickaxe":3,"minecraft:wooden_axe":1,"minecraft:stone_sword":1},"minecraft:killed":{"minecraft:pig":7,"cobblemon:pokemon":14,"minecraft:spider":4,"minecraft:creeper":3,"minecraft:horse":2,"minecraft:skeleton":3,"minecraft:pillager":2,"minecraft:zombie":6,"minecraft:cow":2},"minecraft:custom":{"minecraft:interact_with_furnace":25,"minecraft:mob_kills":44,"tombstone:raider_killed":2,"minecraft:traded_with_villager":16,"minecraft:interact_with_crafting_table":12,"minecraft:leave_game":2,"minecraft:time_since_death":22336,"minecraft:damage_resisted":185,"minecraft:time_since_rest":21546,"minecraft:waystone_activated":1,"minecraft:sprint_one_cm":238230,"minecraft:damage_taken":1902,"minecraft:walk_one_cm":184523,"minecraft:damage_blocked_by_shield":345,"minecraft:drop":70,"minecraft:damage_dealt":6781,"minecraft:talked_to_villager":4,"minecraft:swim_one_cm":93832,"minecraft:fly_one_cm":463980,"minecraft:open_chest":3,"minecraft:crouch_one_cm":4511,"minecraft:play_time":95578,"tombstone:undead_killed":9,"minecraft:deaths":1,"minecraft:sneak_time":1618,"minecraft:walk_under_water_one_cm":16974,"minecraft:boat_one_cm":104148,"minecraft:jump":1881,"minecraft:walk_on_water_one_cm":10327,"minecraft:total_world_time":95578,"minecraft:fall_one_cm":45076}},"DataVersion":3465}