{"stats":{"minecraft:used":{"minecraft:cooked_mutton":6,"minecraft:stone_pickaxe":129,"minecraft:wooden_pickaxe":59,"minecraft:dirt":8,"minecraft:crafting_table":7,"minecraft:stone_axe":72,"minecraft:cobblestone":33,"minecraft:furnace":3,"minecraft:cooked_porkchop":10,"minecraft:cooked_beef":1},"minecraft:mined":{"minecraft:crafting_table":6,"minecraft:grass_block":5,"minecraft:furnace":3,"minecraft:andesite":19,"minecraft:grass":6,"minecraft:oak_log":16,"minecraft:coal_ore":68,"minecraft:dirt":9,"minecraft:stone":94,"minecraft:oak_leaves":1},"minecraft:picked_up":{"biomesoplenty:lavender":2,"minecraft:crafting_table":6,"cobblemon:ultra_ball":3,"minecraft:andesite":1,"minecraft:leather":3,"minecraft:cooked_rabbit":1,"minecraft:oak_log":16,"minecraft:gunpowder":3,"minecraft:dirt":14,"minecraft:cooked_mutton":1,"minecraft:bone":3,"minecraft:wheat_seeds":11,"minecraft:rabbit_hide":1,"minecraft:beef":4,"minecraft:rabbit":1,"minecraft:furnace":3,"minecraft:stick":6,"minecraft:porkchop":13,"minecraft:spider_eye":2,"minecraft:arrow":2,"minecraft:rotten_flesh":4,"waystones:waystone":1,"minecraft:crossbow":1,"minecraft:gray_wool":1,"tombstone:magic_scroll":1,"minecraft:oak_sapling":1,"minecraft:mutton":10,"minecraft:coal":100,"minecraft:white_wool":9,"minecraft:cobblestone":98},"minecraft:broken":{"minecraft:stone_pickaxe":1,"minecraft:stone_axe":1,"minecraft:wooden_pickaxe":1},"minecraft:dropped":{"minecraft:wheat_seeds":11,"biomesoplenty:lavender":2,"minecraft:cobblestone":8,"minecraft:rotten_flesh":4,"cobblemon:dusk_ball":384,"minecraft:cooked_mutton":8,"minecraft:rabbit_hide":1,"minecraft:gray_wool":1,"minecraft:gunpowder":3,"minecraft:wooden_axe":1,"minecraft:oak_sapling":1,"minecraft:spider_eye":2,"minecraft:beef":3,"waystones:waystone":1,"minecraft:tripwire_hook":4,"minecraft:bone":3},"minecraft:crafted":{"minecraft:cooked_beef":1,"minecraft:oak_planks":64,"minecraft:cooked_porkchop":13,"minecraft:crafting_table":1,"minecraft:wooden_pickaxe":1,"minecraft:furnace":2,"minecraft:stone_axe":1,"minecraft:cooked_mutton":18,"minecraft:air":0,"minecraft:stick":4,"minecraft:stone_pickaxe":1,"minecraft:wooden_axe":1},"minecraft:killed":{"minecraft:pig":7,"cobblemon:pokemon":11,"minecraft:spider":1,"minecraft:creeper":3,"minecraft:horse":2,"minecraft:skeleton":2,"minecraft:pillager":2,"minecraft:zombie":4,"minecraft:cow":1},"minecraft:custom":{"minecraft:interact_with_furnace":23,"minecraft:mob_kills":33,"tombstone:raider_killed":2,"minecraft:interact_with_crafting_table":5,"minecraft:leave_game":2,"minecraft:time_since_death":71578,"minecraft:time_since_rest":71578,"minecraft:waystone_activated":1,"minecraft:sprint_one_cm":176927,"minecraft:damage_taken":1299,"minecraft:walk_one_cm":143545,"minecraft:drop":35,"minecraft:damage_dealt":4683,"minecraft:swim_one_cm":19486,"minecraft:fly_one_cm":359209,"minecraft:crouch_one_cm":3868,"minecraft:play_time":71578,"tombstone:undead_killed":6,"minecraft:sneak_time":1114,"minecraft:walk_under_water_one_cm":1026,"minecraft:boat_one_cm":52700,"minecraft:jump":1371,"minecraft:walk_on_water_one_cm":2507,"minecraft:total_world_time":71578,"minecraft:fall_one_cm":31751}},"DataVersion":3465}