{"stats":{"minecraft:used":{"minecraft:cooked_mutton":6,"minecraft:stone_pickaxe":68,"minecraft:wooden_pickaxe":59,"minecraft:dirt":2,"minecraft:crafting_table":6,"minecraft:stone_axe":68,"minecraft:cobblestone":33,"minecraft:furnace":3,"minecraft:cooked_porkchop":6,"minecraft:cooked_beef":1},"minecraft:mined":{"minecraft:crafting_table":6,"minecraft:grass_block":2,"minecraft:furnace":3,"minecraft:grass":3,"minecraft:oak_log":4,"minecraft:coal_ore":64,"minecraft:stone":59,"minecraft:oak_leaves":1},"minecraft:broken":{"minecraft:wooden_pickaxe":1},"minecraft:picked_up":{"biomesoplenty:lavender":2,"minecraft:crafting_table":6,"cobblemon:ultra_ball":3,"minecraft:leather":3,"minecraft:cooked_rabbit":1,"minecraft:oak_log":4,"minecraft:gunpowder":3,"minecraft:dirt":2,"minecraft:cooked_mutton":1,"minecraft:bone":3,"minecraft:wheat_seeds":1,"minecraft:rabbit_hide":1,"minecraft:beef":1,"minecraft:rabbit":1,"minecraft:furnace":3,"minecraft:stick":6,"minecraft:porkchop":13,"minecraft:spider_eye":2,"minecraft:arrow":2,"minecraft:rotten_flesh":4,"minecraft:crossbow":1,"minecraft:gray_wool":1,"tombstone:magic_scroll":1,"minecraft:mutton":10,"minecraft:coal":96,"minecraft:white_wool":9,"minecraft:cobblestone":59},"minecraft:dropped":{"minecraft:wheat_seeds":1,"biomesoplenty:lavender":2,"minecraft:rotten_flesh":4,"minecraft:cooked_mutton":8,"minecraft:gray_wool":1,"minecraft:gunpowder":3,"minecraft:wooden_axe":1,"minecraft:spider_eye":2,"minecraft:tripwire_hook":4,"minecraft:bone":1},"minecraft:crafted":{"minecraft:cooked_beef":1,"minecraft:oak_planks":16,"minecraft:cooked_porkchop":13,"minecraft:crafting_table":1,"minecraft:wooden_pickaxe":1,"minecraft:furnace":2,"minecraft:stone_axe":1,"minecraft:cooked_mutton":18,"minecraft:air":0,"minecraft:stick":4,"minecraft:stone_pickaxe":1,"minecraft:wooden_axe":1},"minecraft:killed":{"minecraft:pig":7,"cobblemon:pokemon":9,"minecraft:spider":1,"minecraft:creeper":3,"minecraft:horse":2,"minecraft:skeleton":2,"minecraft:pillager":2,"minecraft:zombie":4,"minecraft:cow":1},"minecraft:custom":{"minecraft:interact_with_furnace":23,"minecraft:mob_kills":31,"tombstone:raider_killed":2,"minecraft:interact_with_crafting_table":5,"minecraft:leave_game":2,"minecraft:time_since_death":65578,"minecraft:time_since_rest":65578,"minecraft:waystone_activated":1,"minecraft:sprint_one_cm":159071,"minecraft:damage_taken":735,"minecraft:walk_one_cm":126303,"minecraft:drop":16,"minecraft:damage_dealt":4469,"minecraft:swim_one_cm":7837,"minecraft:fly_one_cm":318863,"minecraft:crouch_one_cm":3553,"minecraft:play_time":65578,"tombstone:undead_killed":6,"minecraft:sneak_time":1055,"minecraft:walk_under_water_one_cm":689,"minecraft:jump":1215,"minecraft:walk_on_water_one_cm":927,"minecraft:total_world_time":65578,"minecraft:fall_one_cm":26226}},"DataVersion":3465}