{"stats":{"minecraft:used":{"minecraft:cooked_mutton":14,"minecraft:stone_sword":76,"minecraft:stone_pickaxe":189,"minecraft:shield":4,"minecraft:wooden_pickaxe":59,"minecraft:fletching_table":3,"minecraft:dirt":14,"minecraft:crafting_table":9,"minecraft:stone_axe":200,"minecraft:cobblestone":33,"minecraft:beef":1,"minecraft:furnace":8,"minecraft:cooked_porkchop":13,"minecraft:cooked_rabbit":1,"quark:oak_chest":2,"tombstone:gift":3,"minecraft:cooked_beef":3},"minecraft:mined":{"minecraft:crafting_table":7,"biomesoplenty:bush":1,"minecraft:grass_block":5,"minecraft:composter":1,"minecraft:furnace":5,"minecraft:iron_ore":4,"minecraft:andesite":19,"minecraft:fletching_table":2,"biomesoplenty:umbran_log":452,"biomesoplenty:sea_oats":1,"minecraft:grass":15,"biomesoplenty:dead_log":4,"minecraft:oak_log":16,"minecraft:coal_ore":122,"minecraft:gravel":39,"minecraft:dirt":9,"minecraft:stone":94,"minecraft:oak_leaves":1},"minecraft:killed_by":{"cobblemon:pokemon":1,"minecraft:zombie":1},"minecraft:picked_up":{"biomesoplenty:lavender":2,"minecraft:crafting_table":7,"cobblemon:ultra_ball":5,"minecraft:andesite":1,"minecraft:leather":6,"minecraft:enchanted_book":1,"biomesoplenty:dead_log":4,"minecraft:cooked_rabbit":1,"minecraft:flint":3,"minecraft:oak_log":16,"minecraft:shield":1,"minecraft:gunpowder":3,"minecraft:string":24,"minecraft:dirt":14,"tombstone:gift":1,"minecraft:cooked_mutton":1,"minecraft:bone":5,"minecraft:bow":1,"minecraft:wheat_seeds":12,"minecraft:rabbit_hide":1,"minecraft:beef":9,"minecraft:calcite":1,"minecraft:fletching_table":2,"minecraft:rabbit":1,"minecraft:oak_planks":30,"biomesoplenty:umbran_log":452,"minecraft:furnace":5,"minecraft:raw_iron":4,"minecraft:stick":70,"minecraft:smooth_basalt":1,"minecraft:composter":1,"cobblemon:dusk_ball":130,"minecraft:gravel":36,"minecraft:porkchop":13,"minecraft:spider_eye":3,"minecraft:arrow":3,"minecraft:rotten_flesh":6,"waystones:waystone":1,"minecraft:crossbow":1,"minecraft:gray_wool":1,"tombstone:magic_scroll":1,"minecraft:oak_sapling":1,"minecraft:mutton":18,"minecraft:coal":215,"minecraft:white_wool":12,"minecraft:cobblestone":98},"minecraft:broken":{"minecraft:stone_pickaxe":1,"minecraft:stone_axe":2,"minecraft:wooden_pickaxe":1},"minecraft:dropped":{"minecraft:enchanted_book":3,"minecraft:wheat_seeds":12,"biomesoplenty:lavender":2,"minecraft:cobblestone":8,"minecraft:rotten_flesh":5,"cobblemon:dusk_ball":448,"minecraft:oak_planks":30,"minecraft:cooked_mutton":8,"minecraft:stick":65,"minecraft:rabbit_hide":1,"minecraft:gray_wool":1,"minecraft:gunpowder":3,"minecraft:mutton":6,"minecraft:wooden_axe":1,"minecraft:oak_sapling":1,"minecraft:spider_eye":3,"minecraft:arrow":3,"minecraft:beef":3,"waystones:waystone":1,"minecraft:calcite":1,"minecraft:string":18,"minecraft:tripwire_hook":4,"minecraft:smooth_basalt":1,"minecraft:bone":4,"minecraft:gravel":36},"minecraft:crafted":{"minecraft:cooked_beef":5,"biomesoplenty:umbran_planks":1784,"minecraft:oak_planks":64,"sophisticatedbackpacks:backpack":1,"minecraft:emerald":112,"minecraft:cooked_porkchop":13,"minecraft:crafting_table":2,"minecraft:wooden_pickaxe":1,"minecraft:furnace":3,"minecraft:fletching_table":1,"minecraft:stone_axe":2,"minecraft:cooked_mutton":21,"minecraft:air":0,"minecraft:stick":3580,"quark:oak_chest":3,"minecraft:stone_pickaxe":3,"minecraft:wooden_axe":1,"minecraft:stone_sword":1},"minecraft:killed":{"minecraft:pig":7,"cobblemon:pokemon":14,"minecraft:spider":4,"minecraft:creeper":3,"minecraft:horse":2,"minecraft:skeleton":3,"minecraft:pillager":2,"minecraft:zombie":9,"minecraft:drowned":2,"minecraft:cow":2},"minecraft:custom":{"minecraft:interact_with_furnace":40,"spartanshields:shield_bash_hits":1,"minecraft:mob_kills":49,"tombstone:raider_killed":2,"minecraft:traded_with_villager":112,"minecraft:interact_with_crafting_table":23,"minecraft:leave_game":2,"minecraft:time_since_death":5096,"minecraft:damage_resisted":185,"minecraft:time_since_rest":4754,"minecraft:waystone_activated":1,"minecraft:sprint_one_cm":283297,"minecraft:damage_taken":2602,"minecraft:walk_one_cm":203690,"minecraft:damage_blocked_by_shield":495,"minecraft:drop":76,"minecraft:damage_dealt":7940,"minecraft:talked_to_villager":8,"minecraft:swim_one_cm":98581,"minecraft:fly_one_cm":514173,"minecraft:open_chest":14,"minecraft:crouch_one_cm":4511,"minecraft:play_time":107578,"tombstone:undead_killed":14,"minecraft:deaths":2,"minecraft:sneak_time":1629,"minecraft:walk_under_water_one_cm":17178,"minecraft:boat_one_cm":104148,"minecraft:jump":2116,"minecraft:walk_on_water_one_cm":16499,"minecraft:total_world_time":107578,"minecraft:fall_one_cm":51417}},"DataVersion":3465}