{"stats":{"minecraft:used":{"minecraft:stone_sword":106,"minecraft:shield":6,"minecraft:dirt":14,"minecraft:beef":1,"minecraft:furnace":8,"tombstone:gift":3,"minecraft:cooked_beef":5,"minecraft:cooked_mutton":14,"minecraft:stone_pickaxe":189,"minecraft:oak_planks":3,"minecraft:wooden_pickaxe":59,"minecraft:composter":1,"minecraft:fletching_table":3,"minecraft:crafting_table":9,"minecraft:blast_furnace":1,"minecraft:bread":5,"minecraft:stone_axe":200,"minecraft:cobblestone":33,"minecraft:cooked_porkchop":13,"minecraft:cooked_rabbit":1,"quark:oak_chest":2},"minecraft:mined":{"biomesoplenty:bush":1,"minecraft:grass_block":5,"minecraft:composter":3,"minecraft:furnace":5,"minecraft:carrots":1,"minecraft:iron_ore":4,"minecraft:andesite":19,"minecraft:fletching_table":2,"biomesoplenty:sea_oats":1,"minecraft:stone":94,"minecraft:crafting_table":7,"minecraft:oak_planks":3,"minecraft:wheat":1,"biomesoplenty:umbran_log":814,"minecraft:grass":15,"biomesoplenty:dead_log":4,"minecraft:coal_ore":122,"minecraft:oak_log":16,"minecraft:gravel":39,"minecraft:dirt":9,"minecraft:oak_leaves":1},"minecraft:killed_by":{"cobblemon:pokemon":1,"minecraft:zombie":1},"minecraft:broken":{"minecraft:wooden_pickaxe":1,"minecraft:stone_pickaxe":1,"minecraft:stone_axe":2},"minecraft:picked_up":{"minecraft:crafting_table":7,"minecraft:cooked_rabbit":1,"minecraft:enchanted_book":1,"minecraft:shield":1,"minecraft:string":25,"minecraft:beef":10,"minecraft:calcite":1,"minecraft:iron_boots":10,"minecraft:furnace":5,"minecraft:stick":70,"minecraft:raw_iron":4,"minecraft:composter":3,"minecraft:porkchop":13,"minecraft:carrot":1,"minecraft:arrow":5,"minecraft:rotten_flesh":6,"minecraft:diamond_boots":5,"minecraft:mutton":18,"minecraft:white_wool":12,"minecraft:cobblestone":98,"biomesoplenty:lavender":2,"cobblemon:ultra_ball":10,"minecraft:andesite":1,"minecraft:leather":7,"biomesoplenty:dead_log":4,"minecraft:flint":3,"minecraft:oak_log":16,"minecraft:gunpowder":3,"minecraft:dirt":14,"tombstone:gift":1,"minecraft:cooked_mutton":1,"minecraft:bone":5,"minecraft:bow":1,"minecraft:wheat_seeds":13,"minecraft:rabbit_hide":1,"minecraft:iron_ingot":4,"minecraft:rabbit":1,"minecraft:fletching_table":2,"minecraft:oak_planks":33,"biomesoplenty:umbran_log":814,"minecraft:smooth_basalt":1,"cobblemon:dusk_ball":133,"minecraft:gravel":36,"minecraft:spider_eye":3,"waystones:waystone":1,"minecraft:chainmail_leggings":24,"minecraft:crossbow":1,"minecraft:gray_wool":1,"tombstone:magic_scroll":1,"minecraft:oak_sapling":1,"minecraft:coal":215},"minecraft:dropped":{"minecraft:enchanted_book":3,"minecraft:wheat_seeds":13,"minecraft:crossbow":1,"biomesoplenty:lavender":2,"minecraft:cobblestone":8,"minecraft:stick":66,"minecraft:gray_wool":1,"minecraft:mutton":6,"minecraft:wooden_axe":1,"minecraft:chainmail_leggings":52,"minecraft:string":21,"minecraft:tripwire_hook":4,"minecraft:bone":4,"minecraft:smooth_basalt":1,"minecraft:gravel":36,"minecraft:rotten_flesh":6,"cobblemon:dusk_ball":448,"minecraft:oak_planks":30,"minecraft:iron_boots":20,"minecraft:cooked_mutton":8,"minecraft:carrot":1,"minecraft:rabbit_hide":1,"minecraft:gunpowder":3,"minecraft:oak_sapling":1,"minecraft:spider_eye":3,"minecraft:diamond_boots":5,"minecraft:arrow":3,"minecraft:beef":3,"waystones:waystone":1,"minecraft:calcite":1},"minecraft:crafted":{"minecraft:oak_planks":64,"minecraft:smooth_stone":3,"minecraft:furnace":4,"minecraft:blast_furnace":1,"minecraft:stone":5,"minecraft:cooked_mutton":21,"minecraft:diamond_leggings":1,"minecraft:iron_boots":10,"minecraft:stone_pickaxe":3,"minecraft:diamond_boots":6,"minecraft:chainmail_leggings":28,"minecraft:cooked_beef":5,"biomesoplenty:umbran_planks":2808,"minecraft:emerald":178,"sophisticatedbackpacks:backpack":1,"minecraft:cooked_porkchop":13,"minecraft:crafting_table":2,"minecraft:wooden_pickaxe":1,"minecraft:fletching_table":1,"minecraft:stone_axe":2,"minecraft:air":0,"minecraft:bread":60,"minecraft:stick":5632,"quark:oak_chest":3,"minecraft:iron_ingot":4,"minecraft:iron_pickaxe":1,"minecraft:wooden_axe":1,"minecraft:stone_sword":1},"minecraft:killed":{"minecraft:spider":5,"minecraft:skeleton":4,"minecraft:horse":2,"minecraft:drowned":2,"minecraft:pig":7,"cobblemon:pokemon":14,"minecraft:iron_golem":1,"minecraft:creeper":4,"minecraft:pillager":2,"minecraft:zombie":9,"minecraft:cow":3},"minecraft:custom":{"minecraft:mob_kills":54,"minecraft:interact_with_crafting_table":32,"minecraft:leave_game":2,"minecraft:time_since_death":17096,"minecraft:damage_resisted":185,"minecraft:sprint_one_cm":331651,"minecraft:walk_one_cm":225265,"minecraft:damage_blocked_by_shield":630,"minecraft:drop":159,"minecraft:talked_to_villager":22,"minecraft:play_time":119578,"minecraft:deaths":2,"minecraft:sneak_time":1640,"minecraft:walk_under_water_one_cm":17306,"minecraft:boat_one_cm":104148,"minecraft:jump":2369,"minecraft:interact_with_blast_furnace":1,"minecraft:walk_on_water_one_cm":16702,"minecraft:total_world_time":119578,"minecraft:interact_with_furnace":58,"spartanshields:shield_bash_hits":1,"tombstone:raider_killed":2,"minecraft:traded_with_villager":233,"minecraft:time_since_rest":16754,"minecraft:waystone_activated":1,"minecraft:damage_taken":2802,"minecraft:damage_dealt":9410,"minecraft:swim_one_cm":101798,"minecraft:fly_one_cm":564204,"minecraft:open_chest":17,"minecraft:crouch_one_cm":4511,"tombstone:undead_killed":15,"minecraft:fall_one_cm":56504}},"DataVersion":3465}