{"stats":{"minecraft:used":{"minecraft:crafting_table":2,"minecraft:wooden_pickaxe":59},"minecraft:mined":{"minecraft:grass_block":1,"minecraft:oak_log":4,"minecraft:stone":59,"minecraft:oak_leaves":1,"minecraft:crafting_table":2},"minecraft:broken":{"minecraft:wooden_pickaxe":1},"minecraft:picked_up":{"minecraft:stick":6,"minecraft:crafting_table":2,"minecraft:wheat_seeds":1,"minecraft:oak_log":4,"minecraft:dirt":1,"minecraft:cobblestone":59},"minecraft:dropped":{"minecraft:wheat_seeds":1,"minecraft:tripwire_hook":4},"minecraft:crafted":{"minecraft:oak_planks":16,"minecraft:crafting_table":1,"minecraft:stick":4,"minecraft:stone_pickaxe":1,"minecraft:wooden_pickaxe":1,"minecraft:wooden_axe":1},"minecraft:custom":{"minecraft:time_since_rest":29578,"minecraft:waystone_activated":1,"minecraft:crouch_one_cm":731,"minecraft:sprint_one_cm":52319,"minecraft:play_time":29578,"minecraft:walk_one_cm":54389,"minecraft:sneak_time":247,"minecraft:drop":2,"minecraft:jump":384,"minecraft:damage_dealt":10,"minecraft:leave_game":2,"minecraft:time_since_death":29578,"minecraft:total_world_time":29578,"minecraft:fall_one_cm":1730,"minecraft:interact_with_crafting_table":2,"minecraft:fly_one_cm":157664}},"DataVersion":3465}