{"stats":{"minecraft:custom":{"minecraft:time_since_rest":27768,"minecraft:play_time":27768,"minecraft:sprint_one_cm":23775,"minecraft:walk_one_cm":21802,"minecraft:sneak_time":781,"minecraft:walk_under_water_one_cm":23216,"minecraft:drop":2,"minecraft:jump":114,"minecraft:time_since_death":27768,"minecraft:walk_on_water_one_cm":8398,"minecraft:interact_with_beacon":3,"minecraft:total_world_time":27768,"minecraft:fall_one_cm":1672,"minecraft:fly_one_cm":114964},"minecraft:used":{"minecraft:red_shulker_box":1,"minecraft:light_gray_shulker_box":1,"minecraft:black_concrete":10,"minecraft:dirt":16,"minecraft:grass_block":1,"minecraft:red_concrete":7,"minecraft:iron_block":95,"minecraft:yellow_shulker_box":1,"minecraft:yellow_concrete":3,"minecraft:white_concrete":16,"minecraft:blue_concrete":2,"minecraft:beacon":1,"minecraft:quartz_stairs":50},"minecraft:picked_up":{"minecraft:tripwire_hook":4},"minecraft:dropped":{"minecraft:tripwire_hook":2}},"DataVersion":3465}