{
  "uuid": "364c538c-6a23-36cc-818c-e1fbdfb24f16",
  "starterPrompted": true,
  "starterLocked": false,
  "starterSelected": true,
  "starterUUID": "f58b4a53-ab71-4819-903a-2a6d984a378a",
  "keyItems": [],
  "battleTheme": "cobblemon:battle.pvp.default",
  "extraData": {
    "cobbledex_discovery": {
      "registers": {
        "mudkip": {
          "normal": {
            "isShiny": false,
            "status": "CAUGHT",
            "discoveredTimestamp": 1723260619328,
            "caughtTimestamp": 1723260619328
          }
        },
        "aron": {
          "normal": {
            "isShiny": false,
            "status": "CAUGHT",
            "discoveredTimestamp": 1723268718436,
            "caughtTimestamp": 1723268718436
          }
        }
      },
      "name": "cobbledex_discovery"
    },
    "Cobbledex_RewardHistory": {
      "received": [],
      "name": "Cobbledex_RewardHistory"
    },
    "koStreak": {
      "name": "koStreak",
      "species": "",
      "count": 0
    },
    "koCount": {
      "name": "koCount",
      "defeats": {}
    },
    "captureStreak": {
      "name": "captureStreak",
      "species": "aron",
      "count": 1
    },
    "captureCount": {
      "name": "captureCount",
      "defeats": {
        "mudkip": 1,
        "aron": 1
      }
    },
    "encounter": {
      "name": "encounter",
      "encounters": {
        "mudkip": true,
        "aron": true
      }
    }
  },
  "advancementData": {
    "totalCaptureCount": 1,
    "totalEggsHatched": 0,
    "totalEvolvedCount": 0,
    "totalBattleVictoryCount": 0,
    "totalPvPBattleVictoryCount": 0,
    "totalPvWBattleVictoryCount": 0,
    "totalPvNBattleVictoryCount": 0,
    "totalShinyCaptureCount": 0,
    "totalTradedCount": 0,
    "totalTypeCaptureCounts": {
      "steel": 1,
      "rock": 1
    },
    "totalDefeatedCounts": {},
    "aspectsCollected": {}
  }
}