{
  "uuid": "5bbb7c8f-d26a-3a63-861f-9313c9f3f02b",
  "starterPrompted": true,
  "starterLocked": false,
  "starterSelected": true,
  "starterUUID": "b971f0d6-27e6-481f-9f16-f7d7ffe23cc1",
  "keyItems": [],
  "battleTheme": "cobblemon:battle.pvp.default",
  "extraData": {
    "cobbledex_discovery": {
      "registers": {
        "bulbasaur": {
          "normal": {
            "isShiny": false,
            "status": "CAUGHT",
            "discoveredTimestamp": 1723261341473,
            "caughtTimestamp": 1723261341473
          }
        }
      },
      "name": "cobbledex_discovery"
    },
    "Cobbledex_RewardHistory": {
      "received": [],
      "name": "Cobbledex_RewardHistory"
    },
    "koStreak": {
      "name": "koStreak",
      "species": "pyukumuku",
      "count": 1
    },
    "koCount": {
      "name": "koCount",
      "defeats": {
        "slowpoke": 1,
        "pyukumuku": 1
      }
    },
    "captureStreak": {
      "name": "captureStreak",
      "species": "",
      "count": 0
    },
    "captureCount": {
      "name": "captureCount",
      "defeats": {
        "bulbasaur": 1
      }
    },
    "encounter": {
      "name": "encounter",
      "encounters": {
        "bulbasaur": true,
        "frillish": true,
        "slowpoke": true,
        "pyukumuku": true
      }
    }
  },
  "advancementData": {
    "totalCaptureCount": 0,
    "totalEggsHatched": 0,
    "totalEvolvedCount": 0,
    "totalBattleVictoryCount": 2,
    "totalPvPBattleVictoryCount": 0,
    "totalPvWBattleVictoryCount": 2,
    "totalPvNBattleVictoryCount": 0,
    "totalShinyCaptureCount": 0,
    "totalTradedCount": 0,
    "totalTypeCaptureCounts": {},
    "totalDefeatedCounts": {
      "cobblemon:slowpoke": 1,
      "cobblemon:pyukumuku": 1
    },
    "aspectsCollected": {}
  }
}