{
  "uuid": "0c343e63-7253-3a6c-8207-5a2ebaa04869",
  "starterPrompted": true,
  "starterLocked": false,
  "starterSelected": true,
  "starterUUID": "92f67af4-2ed7-49e2-bb3b-a506310280df",
  "keyItems": [],
  "battleTheme": "cobblemon:battle.pvp.default",
  "extraData": {
    "cobbledex_discovery": {
      "registers": {
        "mudkip": {
          "normal": {
            "isShiny": false,
            "status": "CAUGHT",
            "discoveredTimestamp": 1723261249071,
            "caughtTimestamp": 1723261249071
          }
        },
        "rapidash": {
          "normal": {
            "isShiny": false,
            "status": "CAUGHT",
            "discoveredTimestamp": 1723262675464,
            "caughtTimestamp": 1723262675464
          }
        },
        "wooloo": {
          "normal": {
            "isShiny": false,
            "status": "SEEN",
            "discoveredTimestamp": 1723263631859
          }
        },
        "cottonee": {
          "normal": {
            "isShiny": false,
            "status": "SEEN",
            "discoveredTimestamp": 1723263642589
          }
        },
        "crabrawler": {
          "normal": {
            "isShiny": false,
            "status": "SEEN",
            "discoveredTimestamp": 1723263701163
          }
        },
        "tauros": {
          "normal": {
            "isShiny": false,
            "status": "SEEN",
            "discoveredTimestamp": 1723263731986
          }
        },
        "zubat": {
          "normal": {
            "isShiny": false,
            "status": "CAUGHT",
            "discoveredTimestamp": 1723264142669,
            "caughtTimestamp": 1723264142669
          }
        },
        "gastly": {
          "normal": {
            "isShiny": false,
            "status": "CAUGHT",
            "discoveredTimestamp": 1723264176727,
            "caughtTimestamp": 1723264176727
          }
        },
        "golbat": {
          "normal": {
            "isShiny": false,
            "status": "CAUGHT",
            "discoveredTimestamp": 1723264204465,
            "caughtTimestamp": 1723264204465
          }
        },
        "haunter": {
          "normal": {
            "isShiny": false,
            "status": "CAUGHT",
            "discoveredTimestamp": 1723264211387,
            "caughtTimestamp": 1723264211387
          }
        },
        "bunnelby": {
          "normal": {
            "isShiny": false,
            "status": "CAUGHT",
            "discoveredTimestamp": 1723264305239,
            "caughtTimestamp": 1723264305239
          }
        },
        "gengar": {
          "normal": {
            "isShiny": false,
            "status": "CAUGHT",
            "discoveredTimestamp": 1723264314615,
            "caughtTimestamp": 1723264314615
          }
        },
        "pidgeotto": {
          "normal": {
            "isShiny": false,
            "status": "CAUGHT",
            "discoveredTimestamp": 1723264820156,
            "caughtTimestamp": 1723264820156
          }
        },
        "marshtomp": {
          "normal": {
            "isShiny": false,
            "status": "CAUGHT",
            "discoveredTimestamp": 1723264832963,
            "caughtTimestamp": 1723264832963
          }
        }
      },
      "name": "cobbledex_discovery"
    },
    "Cobbledex_RewardHistory": {
      "received": [],
      "name": "Cobbledex_RewardHistory"
    },
    "koStreak": {
      "name": "koStreak",
      "species": "ariados",
      "count": 1
    },
    "koCount": {
      "name": "koCount",
      "defeats": {
        "mareep": 1,
        "patrat": 1,
        "pidgey": 1,
        "ariados": 1
      }
    },
    "captureStreak": {
      "name": "captureStreak",
      "species": "pidgeotto",
      "count": 1
    },
    "captureCount": {
      "name": "captureCount",
      "defeats": {
        "mudkip": 1,
        "rapidash": 1,
        "zubat": 1,
        "gastly": 1,
        "golbat": 1,
        "haunter": 2,
        "bunnelby": 1,
        "gengar": 1,
        "pidgeotto": 1,
        "marshtomp": 1
      }
    },
    "encounter": {
      "name": "encounter",
      "encounters": {
        "mudkip": true,
        "mareep": true,
        "patrat": true,
        "pidgey": true,
        "rapidash": true,
        "ariados": true,
        "zubat": true,
        "gastly": true,
        "golbat": true,
        "haunter": true,
        "bunnelby": true,
        "gengar": true,
        "pidgeotto": true,
        "marshtomp": true
      }
    }
  },
  "advancementData": {
    "totalCaptureCount": 4,
    "totalEggsHatched": 0,
    "totalEvolvedCount": 4,
    "totalBattleVictoryCount": 7,
    "totalPvPBattleVictoryCount": 0,
    "totalPvWBattleVictoryCount": 7,
    "totalPvNBattleVictoryCount": 0,
    "totalShinyCaptureCount": 0,
    "totalTradedCount": 2,
    "totalTypeCaptureCounts": {
      "fire": 1,
      "poison": 2,
      "flying": 2,
      "ghost": 1,
      "normal": 1
    },
    "totalDefeatedCounts": {
      "cobblemon:mareep": 1,
      "cobblemon:patrat": 1,
      "cobblemon:pidgey": 1,
      "cobblemon:ariados": 1
    },
    "aspectsCollected": {}
  }
}