{
  "uuid": "0c343e63-7253-3a6c-8207-5a2ebaa04869",
  "starterPrompted": true,
  "starterLocked": false,
  "starterSelected": true,
  "starterUUID": "92f67af4-2ed7-49e2-bb3b-a506310280df",
  "keyItems": [],
  "battleTheme": "cobblemon:battle.pvp.default",
  "extraData": {
    "cobbledex_discovery": {
      "registers": {
        "mudkip": {
          "normal": {
            "isShiny": false,
            "status": "CAUGHT",
            "discoveredTimestamp": 1723261249071,
            "caughtTimestamp": 1723261249071
          }
        },
        "rapidash": {
          "normal": {
            "isShiny": false,
            "status": "CAUGHT",
            "discoveredTimestamp": 1723262675464,
            "caughtTimestamp": 1723262675464
          }
        }
      },
      "name": "cobbledex_discovery"
    },
    "Cobbledex_RewardHistory": {
      "received": [],
      "name": "Cobbledex_RewardHistory"
    },
    "koStreak": {
      "name": "koStreak",
      "species": "pidgey",
      "count": 1
    },
    "koCount": {
      "name": "koCount",
      "defeats": {
        "mareep": 1,
        "patrat": 1,
        "pidgey": 1
      }
    },
    "captureStreak": {
      "name": "captureStreak",
      "species": "rapidash",
      "count": 1
    },
    "captureCount": {
      "name": "captureCount",
      "defeats": {
        "mudkip": 1,
        "rapidash": 1
      }
    },
    "encounter": {
      "name": "encounter",
      "encounters": {
        "mudkip": true,
        "mareep": true,
        "patrat": true,
        "pidgey": true,
        "rapidash": true
      }
    }
  },
  "advancementData": {
    "totalCaptureCount": 1,
    "totalEggsHatched": 0,
    "totalEvolvedCount": 0,
    "totalBattleVictoryCount": 3,
    "totalPvPBattleVictoryCount": 0,
    "totalPvWBattleVictoryCount": 3,
    "totalPvNBattleVictoryCount": 0,
    "totalShinyCaptureCount": 0,
    "totalTradedCount": 0,
    "totalTypeCaptureCounts": {
      "fire": 1
    },
    "totalDefeatedCounts": {
      "cobblemon:mareep": 1,
      "cobblemon:patrat": 1,
      "cobblemon:pidgey": 1
    },
    "aspectsCollected": {}
  }
}